"('mid',)","('pid',)"
tt0012349,nm0000122
tt0015864,nm0000122
tt0017136,nm0000485
tt0021749,nm0000122
tt0022100,nm0000485
tt0025316,nm0001008
tt0027977,nm0000122
tt0029583,nm0183183
tt0029583,nm0414144
tt0029583,nm0789313
tt0029583,nm0604392
tt0029583,nm0359457
tt0029583,nm0668998
tt0031381,nm0281808
tt0031381,nm0939992
tt0031381,nm0002030
tt0031679,nm0001008
tt0032138,nm0281808
tt0032138,nm0002030
tt0032138,nm0896542
tt0032138,nm0503777
tt0032138,nm0861703
tt0032138,nm0851537
tt0032553,nm0000122
tt0032910,nm0414144
tt0032910,nm0527217
tt0032910,nm0373429
tt0032910,nm0730860
tt0032910,nm0455741
tt0032910,nm0272568
tt0032910,nm0789313
tt0032976,nm0000033
tt0033467,nm0000080
tt0033563,nm0414144
tt0033563,nm0455741
tt0033563,nm0730860
tt0033563,nm0789313
tt0033563,nm0035899
tt0033563,nm0272568
tt0033563,nm0254675
tt0033870,nm0001379
tt0034492,nm0314671
tt0034492,nm0730860
tt0034492,nm0019282
tt0034492,nm0766402
tt0034492,nm0942687
tt0034492,nm0035899
tt0034492,nm0204190
tt0034492,nm0359457
tt0034492,nm0373871
tt0034583,nm0002031
tt0036775,nm0000697
tt0038650,nm0001008
tt0040522,nm0001120
tt0040746,nm0000033
tt0040897,nm0001379
tt0041959,nm0715346
tt0042192,nm0000581
tt0042332,nm0314671
tt0042332,nm0414144
tt0042332,nm0527217
tt0042876,nm0000041
tt0043014,nm0000697
tt0043274,nm0314671
tt0043274,nm0414144
tt0043274,nm0527217
tt0043274,nm0455741
tt0044079,nm0000033
tt0044081,nm0001415
tt0044706,nm0003593
tt0045152,nm0002045
tt0045152,nm0000037
tt0046183,nm0314671
tt0046183,nm0455741
tt0046183,nm0527217
tt0046183,nm0414144
tt0046250,nm0943758
tt0046912,nm0000033
tt0047296,nm0001415
tt0047396,nm0000033
tt0047478,nm0000041
tt0048280,nm0314671
tt0048280,nm0414144
tt0048280,nm0527217
tt0048280,nm0194018
tt0050083,nm0001486
tt0050212,nm0000180
tt0050825,nm0000040
tt0050976,nm0000005
tt0050986,nm0000005
tt0051201,nm0000697
tt0052311,nm0000080
tt0052357,nm0000033
tt0052618,nm0943758
tt0053125,nm0000033
tt0053198,nm0000076
tt0053285,nm0314671
tt0053285,nm0164203
tt0053285,nm0718627
tt0053285,nm0488981
tt0053285,nm0527217
tt0053291,nm0000697
tt0053604,nm0000697
tt0054215,nm0000033
tt0054331,nm0000040
tt0054698,nm0001175
tt0055254,nm0718627
tt0055254,nm0527217
tt0055254,nm0314671
tt0055614,nm0936404
tt0055614,nm0730385
tt0055630,nm0000041
tt0055928,nm0950109
tt0056172,nm0000180
tt0056592,nm0612322
tt0056801,nm0000019
tt0056869,nm0000033
tt0057012,nm0000040
tt0057076,nm0950109
tt0057115,nm0836328
tt0058150,nm0357891
tt0058331,nm0829038
tt0058461,nm0001466
tt0059578,nm0001466
tt0059742,nm0936404
tt0059800,nm0950109
tt0060196,nm0001466
tt0060827,nm0000005
tt0061418,nm0671957
tt0061512,nm0742341
tt0061722,nm0001566
tt0061852,nm0718627
tt0062512,nm0318150
tt0062622,nm0000040
tt0063350,nm0001681
tt0063442,nm0769874
tt0063522,nm0000591
tt0064115,nm0001351
tt0064116,nm0001466
tt0064276,nm0000454
tt0064665,nm0772259
tt0065421,nm0718627
tt0066206,nm0769874
tt0066921,nm0000040
tt0066995,nm0357891
tt0066999,nm0796923
tt0066999,nm0000142
tt0067116,nm0001243
tt0067992,nm0835799
tt0068473,nm0000958
tt0068646,nm0000338
tt0070034,nm0167195
tt0070047,nm0001243
tt0070328,nm0357891
tt0070379,nm0000217
tt0070511,nm0769874
tt0070608,nm0359457
tt0070608,nm0718627
tt0070666,nm0001486
tt0070735,nm0001351
tt0071230,nm0000316
tt0071315,nm0000591
tt0071360,nm0000338
tt0071562,nm0000338
tt0071807,nm0357891
tt0071853,nm0000416
tt0071853,nm0001402
tt0072271,nm0001361
tt0072431,nm0000316
tt0072684,nm0000040
tt0072890,nm0001486
tt0073195,nm0000229
tt0073486,nm0001232
tt0073629,nm0788940
tt0074119,nm0001587
tt0074285,nm0000361
tt0074486,nm0000186
tt0074958,nm0001486
tt0075005,nm0001149
tt0075148,nm0000814
tt0075314,nm0000217
tt0075686,nm0000095
tt0075860,nm0000229
tt0076752,nm0318150
tt0076759,nm0000184
tt0077402,nm0001681
tt0077416,nm0001047
tt0077631,nm0459170
tt0077651,nm0000118
tt0077975,nm0000484
tt0078346,nm0001149
tt0078748,nm0000631
tt0078788,nm0000338
tt0079116,nm0796923
tt0079417,nm0000914
tt0079470,nm0001402
tt0079501,nm0004306
tt0079522,nm0000095
tt0079817,nm0000230
tt0079944,nm0001789
tt0080120,nm0001353
tt0080339,nm0001878
tt0080339,nm0958387
tt0080339,nm0000720
tt0080455,nm0000484
tt0080487,nm0000601
tt0080678,nm0000186
tt0080684,nm0449984
tt0080761,nm0192446
tt0081398,nm0000217
tt0081505,nm0000040
tt0081573,nm0504513
tt0081573,nm0001149
tt0082010,nm0000484
tt0082096,nm0000583
tt0082198,nm0587518
tt0082340,nm0000118
tt0082694,nm0004306
tt0082971,nm0000229
tt0083658,nm0000631
tt0083866,nm0000229
tt0083907,nm0000600
tt0083929,nm0002132
tt0083944,nm0467646
tt0083987,nm0000277
tt0084516,nm0001361
tt0084602,nm0000230
tt0084726,nm0583292
tt0084787,nm0000118
tt0084805,nm0001628
tt0084827,nm0513974
tt0085334,nm0163706
tt0085959,nm0000416
tt0085959,nm0001402
tt0085995,nm0000601
tt0086034,nm0322515
tt0086190,nm0549658
tt0086250,nm0000361
tt0086465,nm0000484
tt0086879,nm0001232
tt0086960,nm0000976
tt0087182,nm0000186
tt0087332,nm0718645
tt0087363,nm0001102
tt0087469,nm0000229
tt0087538,nm0000814
tt0087544,nm0594503
tt0087800,nm0000127
tt0087843,nm0001466
tt0087884,nm0000694
tt0087928,nm0933505
tt0088128,nm0000455
tt0088247,nm0000116
tt0088258,nm0001661
tt0088323,nm0000583
tt0088763,nm0000709
tt0088846,nm0000416
tt0088847,nm0000455
tt0088944,nm0504495
tt0089218,nm0001149
tt0089530,nm0004306
tt0089530,nm0644695
tt0089880,nm0181902
tt0089881,nm0000041
tt0089927,nm0000230
tt0090555,nm0265363
tt0090605,nm0000116
tt0090728,nm0000118
tt0090756,nm0000186
tt0091042,nm0000455
tt0091064,nm0000343
tt0091203,nm0611683
tt0091369,nm0001345
tt0091605,nm0000269
tt0091763,nm0000231
tt0092005,nm0001661
tt0092067,nm0594503
tt0092099,nm0001716
tt0092644,nm0001716
tt0092890,nm0001915
tt0092965,nm0000229
tt0092991,nm0000600
tt0093058,nm0000040
tt0093105,nm0001469
tt0093177,nm0000850
tt0093389,nm0000934
tt0093409,nm0001149
tt0093437,nm0001708
tt0093748,nm0000455
tt0093773,nm0001532
tt0093779,nm0001661
tt0093822,nm0001053
tt0093822,nm0001054
tt0093870,nm0000682
tt0093894,nm0001274
tt0094012,nm0000316
tt0094226,nm0000361
tt0094291,nm0000231
tt0094625,nm0960028
tt0094721,nm0000318
tt0094737,nm0001508
tt0094898,nm0000484
tt0095016,nm0001532
tt0095159,nm0187769
tt0095159,nm0000092
tt0095327,nm0847223
tt0095705,nm0001878
tt0095765,nm0868153
tt0095953,nm0001469
tt0095956,nm0003423
tt0096256,nm0000118
tt0096283,nm0594503
tt0096320,nm0718645
tt0096438,nm0000709
tt0096446,nm0000165
tt0096754,nm0000116
tt0096874,nm0000709
tt0096895,nm0000318
tt0096928,nm0378893
tt0096969,nm0000231
tt0097165,nm0001837
tt0097239,nm0000915
tt0097351,nm0004675
tt0097428,nm0718645
tt0097441,nm0001880
tt0097523,nm0002653
tt0097576,nm0000229
tt0097733,nm0001149
tt0097742,nm0322515
tt0097757,nm0615780
tt0097757,nm0166256
tt0097814,nm0594503
tt0097958,nm0154819
tt0098084,nm0005116
tt0098439,nm0464846
tt0098439,nm0536299
tt0098635,nm0001661
tt0099077,nm0001508
tt0099088,nm0000709
tt0099348,nm0000126
tt0099423,nm0001317
tt0099487,nm0000318
tt0099653,nm0958387
tt0099674,nm0000338
tt0099685,nm0000217
tt0099700,nm0001102
tt0099700,nm0005062
tt0099785,nm0001060
tt0099810,nm0001532
tt0099871,nm0001490
tt0099938,nm0718645
tt0100150,nm0001054
tt0100150,nm0001053
tt0100157,nm0001661
tt0100403,nm0394280
tt0100405,nm0005190
tt0100507,nm0000814
tt0100802,nm0000682
tt0100814,nm0881038
tt0101272,nm0001756
tt0101410,nm0001054
tt0101410,nm0001053
tt0101414,nm0873779
tt0101414,nm0936374
tt0101507,nm0005436
tt0101540,nm0000217
tt0102057,nm0000229
tt0102059,nm0000720
tt0102138,nm0000231
tt0102266,nm0001716
tt0102510,nm0001878
tt0102685,nm0000941
tt0102798,nm0721817
tt0102926,nm0001129
tt0103064,nm0000116
tt0103074,nm0000631
tt0103639,nm0615780
tt0103639,nm0166256
tt0103644,nm0000399
tt0103772,nm0000682
tt0103776,nm0000318
tt0103855,nm0413875
tt0103874,nm0000338
tt0104070,nm0000709
tt0104257,nm0001661
tt0104348,nm0001226
tt0104431,nm0001060
tt0104691,nm0000520
tt0104694,nm0001508
tt0104714,nm0001149
tt0104952,nm0528718
tt0105112,nm0637518
tt0105236,nm0000233
tt0105323,nm0000976
tt0105695,nm0000142
tt0105793,nm0790715
tt0106308,nm0000600
tt0106489,nm0000134
tt0106519,nm0000361
tt0106582,nm0001317
tt0106611,nm0005509
tt0106677,nm0000500
tt0106697,nm0104193
tt0106856,nm0001708
tt0106918,nm0001628
tt0106977,nm0001112
tt0107048,nm0000601
tt0107120,nm0650905
tt0107206,nm0000583
tt0107207,nm0006487
tt0107290,nm0000229
tt0107362,nm0001532
tt0107614,nm0001060
tt0107688,nm0783139
tt0107818,nm0001129
tt0107977,nm0000316
tt0108052,nm0000229
tt0108160,nm0001188
tt0108358,nm0181902
tt0108358,nm0418883
tt0108399,nm0001716
tt0108550,nm0002120
tt0109040,nm0001723
tt0109445,nm0003620
tt0109506,nm0001639
tt0109686,nm0125803
tt0109686,nm0268380
tt0109707,nm0000318
tt0109830,nm0000709
tt0109831,nm0001565
tt0110148,nm0001403
tt0110322,nm0001880
tt0110357,nm0021249
tt0110357,nm0591450
tt0110413,nm0000108
tt0110475,nm0751080
tt0110478,nm0001149
tt0110622,nm0781842
tt0110632,nm0000231
tt0110912,nm0000233
tt0111070,nm0664756
tt0111161,nm0001104
tt0111257,nm0000957
tt0111282,nm0000386
tt0111495,nm0001425
tt0111503,nm0000116
tt0112281,nm0644203
tt0112384,nm0000165
tt0112431,nm0003088
tt0112442,nm0000881
tt0112461,nm0436284
tt0112462,nm0001708
tt0112471,nm0000500
tt0112508,nm0205542
tt0112573,nm0000154
tt0112641,nm0000217
tt0112642,nm0797869
tt0112697,nm0002132
tt0112740,nm0001716
tt0112851,nm0001675
tt0112864,nm0001532
tt0113101,nm0734319
tt0113101,nm0005062
tt0113101,nm0025978
tt0113101,nm0000233
tt0113101,nm0001675
tt0113118,nm0336620
tt0113189,nm0132709
tt0113247,nm0440913
tt0113277,nm0000520
tt0113492,nm0134176
tt0113497,nm0002653
tt0113568,nm0651900
tt0113627,nm0001214
tt0113749,nm0003620
tt0113855,nm0027271
tt0114069,nm0000583
tt0114148,nm0300265
tt0114148,nm0325196
tt0114369,nm0000399
tt0114388,nm0000487
tt0114709,nm0005124
tt0114746,nm0000416
tt0114814,nm0001741
tt0114898,nm0721817
tt0114924,nm0005509
tt0115433,nm0378893
tt0115798,nm0001774
tt0116209,nm0005237
tt0116213,nm0751080
tt0116282,nm0001053
tt0116282,nm0001054
tt0116367,nm0001675
tt0116483,nm0240797
tt0116583,nm0873779
tt0116583,nm0936374
tt0116629,nm0000386
tt0116695,nm0001081
tt0116705,nm0505152
tt0116922,nm0000186
tt0116996,nm0000318
tt0117008,nm0000362
tt0117060,nm0000361
tt0117218,nm0001723
tt0117381,nm0387706
tt0117438,nm0000165
tt0117500,nm0000881
tt0117509,nm0525303
tt0117571,nm0000127
tt0117665,nm0001469
tt0117705,nm0701592
tt0117731,nm0000408
tt0117913,nm0001708
tt0117951,nm0000965
tt0117998,nm0000957
tt0118571,nm0000583
tt0118583,nm0000466
tt0118615,nm0515891
tt0118617,nm0325776
tt0118617,nm0089940
tt0118655,nm0005366
tt0118688,nm0001708
tt0118689,nm0809321
tt0118694,nm0939182
tt0118715,nm0001053
tt0118715,nm0001054
tt0118749,nm0000759
tt0118799,nm0000905
tt0118842,nm0003620
tt0118880,nm0922346
tt0118884,nm0000709
tt0118929,nm0001639
tt0118971,nm0000431
tt0119008,nm0001565
tt0119081,nm0027271
tt0119094,nm0000247
tt0119116,nm0000108
tt0119164,nm0146341
tt0119174,nm0000399
tt0119177,nm0629272
tt0119217,nm0001814
tt0119282,nm0166256
tt0119282,nm0615780
tt0119303,nm0331532
tt0119345,nm0318947
tt0119395,nm0001994
tt0119396,nm0000233
tt0119488,nm0000436
tt0119528,nm0001723
tt0119567,nm0000229
tt0119643,nm0000976
tt0119654,nm0001756
tt0119698,nm0594503
tt0119738,nm0389591
tt0119822,nm0000985
tt0120082,nm0000127
tt0120102,nm0000269
tt0120184,nm0001469
tt0120188,nm0751102
tt0120201,nm0000682
tt0120338,nm0000116
tt0120347,nm0006854
tt0120363,nm0881279
tt0120363,nm0005124
tt0120363,nm0105169
tt0120382,nm0001837
tt0120484,nm0178997
tt0120586,nm0443411
tt0120587,nm0426333
tt0120587,nm0201509
tt0120591,nm0000881
tt0120601,nm0005069
tt0120611,nm0635759
tt0120616,nm0814085
tt0120623,nm0005124
tt0120623,nm0004056
tt0120630,nm0520485
tt0120630,nm0661910
tt0120632,nm0797869
tt0120647,nm0001460
tt0120655,nm0003620
tt0120657,nm0000341
tt0120657,nm0001532
tt0120660,nm0001716
tt0120663,nm0000040
tt0120667,nm1103162
tt0120669,nm0000416
tt0120681,nm0400441
tt0120681,nm0400436
tt0120685,nm0000386
tt0120689,nm0001104
tt0120735,nm0005363
tt0120737,nm0001392
tt0120744,nm0908824
tt0120746,nm0132709
tt0120755,nm0000247
tt0120762,nm0176905
tt0120762,nm0051643
tt0120768,nm0336620
tt0120783,nm0583600
tt0120784,nm0001338
tt0120789,nm0002657
tt0120794,nm0920425
tt0120794,nm9054338
tt0120794,nm0152312
tt0120804,nm0027271
tt0120812,nm0711840
tt0120815,nm0000229
tt0120855,nm0118333
tt0120855,nm0510674
tt0120863,nm0000517
tt0120873,nm0000829
tt0120888,nm0178997
tt0120889,nm0911910
tt0120890,nm0573796
tt0120891,nm0001756
tt0120902,nm0101385
tt0120903,nm0001741
tt0120912,nm0001756
tt0120915,nm0000184
tt0120917,nm0227540
tt0121164,nm0000318
tt0121164,nm0425843
tt0121765,nm0000184
tt0121766,nm0000184
tt0122151,nm0001149
tt0122690,nm0001239
tt0122933,nm0000601
tt0123755,nm0622112
tt0125439,nm0585011
tt0125664,nm0001232
tt0126029,nm0011470
tt0126029,nm0421776
tt0128442,nm0001093
tt0128445,nm0027572
tt0128853,nm0001188
tt0129167,nm0083348
tt0129290,nm0001723
tt0129387,nm0268380
tt0129387,nm0125803
tt0130827,nm0878756
tt0133093,nm0905152
tt0133093,nm0905154
tt0133152,nm0000318
tt0133240,nm0166256
tt0133240,nm0615780
tt0133751,nm0001675
tt0134084,nm0000127
tt0134119,nm0005237
tt0134273,nm0001708
tt0134847,nm0878638
tt0137494,nm0000750
tt0137523,nm0000399
tt0138097,nm0006960
tt0138704,nm0004716
tt0139134,nm0474955
tt0139654,nm0298807
tt0140352,nm0000520
tt0142342,nm0240797
tt0142688,nm0000591
tt0143145,nm0000776
tt0144084,nm0366004
tt0144117,nm0240627
tt0145487,nm0000600
tt0145660,nm0005366
tt0145681,nm0637518
tt0146316,nm0922346
tt0146675,nm0001382
tt0146838,nm0000231
tt0146882,nm0001241
tt0147800,nm0432627
tt0149261,nm0001317
tt0151804,nm0431918
tt0158983,nm0005295
tt0159097,nm0001068
tt0159273,nm0601382
tt0159365,nm0005237
tt0160127,nm0629334
tt0161081,nm0000709
tt0162222,nm0000709
tt0162346,nm0959062
tt0162661,nm0000318
tt0163025,nm0002653
tt0163651,nm0919369
tt0163651,nm0919363
tt0163978,nm0000965
tt0164052,nm0000682
tt0164184,nm0004675
tt0164912,nm0591450
tt0166924,nm0000186
tt0167190,nm0868219
tt0167260,nm0001392
tt0167261,nm0001392
tt0167404,nm0796117
tt0168629,nm0001885
tt0169102,nm0332950
tt0169547,nm0005222
tt0170016,nm0000165
tt0172156,nm0000881
tt0172493,nm0003506
tt0172495,nm0000631
tt0175142,nm0005540
tt0175880,nm0000759
tt0177789,nm0661751
tt0177971,nm0000583
tt0180093,nm0004716
tt0181689,nm0000229
tt0181852,nm0609236
tt0181865,nm0001752
tt0181875,nm0001081
tt0182789,nm0001060
tt0183505,nm0268380
tt0183505,nm0125803
tt0183649,nm0001708
tt0183790,nm0001338
tt0184894,nm0223359
tt0185431,nm0109359
tt0185937,nm0844896
tt0185937,nm0617130
tt0186151,nm0387706
tt0187078,nm0784061
tt0187393,nm0000386
tt0187738,nm0868219
tt0190138,nm0528718
tt0190332,nm0000487
tt0190590,nm0001053
tt0190590,nm0001054
tt0195685,nm0001752
tt0195714,nm0939128
tt0196229,nm0001774
tt0198781,nm0798899
tt0198781,nm0881279
tt0198781,nm0230032
tt0200465,nm0002044
tt0200550,nm0573589
tt0203009,nm0525303
tt0203019,nm0863387
tt0206634,nm0190859
tt0207201,nm0583600
tt0208092,nm0005363
tt0209144,nm0634240
tt0209163,nm0814085
tt0209958,nm0802248
tt0210945,nm0945026
tt0211915,nm0000466
tt0212338,nm0005366
tt0212346,nm0677953
tt0212720,nm0000229
tt0212985,nm0000631
tt0213149,nm0000881
tt0215129,nm0680846
tt0215750,nm0000269
tt0216216,nm0006854
tt0217505,nm0000217
tt0217869,nm0796117
tt0218967,nm0711840
tt0221027,nm0001130
tt0223897,nm0001460
tt0227445,nm0000568
tt0227538,nm0001675
tt0230011,nm0936374
tt0230011,nm0873779
tt0230030,nm0000601
tt0230600,nm0024622
tt0232500,nm0003418
tt0234215,nm0905152
tt0234215,nm0905154
tt0236493,nm0893659
tt0238380,nm0934483
tt0240772,nm0001752
tt0240890,nm0155093
tt0241303,nm0002120
tt0241527,nm0001060
tt0242423,nm0500444
tt0242653,nm0905154
tt0242653,nm0905152
tt0243133,nm0001054
tt0243155,nm0536632
tt0244244,nm0784061
tt0245429,nm0594503
tt0245574,nm0190859
tt0245712,nm0327944
tt0245844,nm0721817
tt0246460,nm0848414
tt0246578,nm0446819
tt0247638,nm0005190
tt0247745,nm0151540
tt0249462,nm0197636
tt0250494,nm0525659
tt0250687,nm0958387
tt0251075,nm0718645
tt0251127,nm0677953
tt0251160,nm0001024
tt0252866,nm0736930
tt0253474,nm0000591
tt0253556,nm0101385
tt0256380,nm0125803
tt0256380,nm0268380
tt0256415,nm0855035
tt0257044,nm0005222
tt0257076,nm0424800
tt0257106,nm0005540
tt0257360,nm0668247
tt0258000,nm0000399
tt0258463,nm0510731
tt0259324,nm0425756
tt0259446,nm0959034
tt0259711,nm0001081
tt0261392,nm0003620
tt0263488,nm0759207
tt0264464,nm0000229
tt0265086,nm0000631
tt0265208,nm0339004
tt0265459,nm0738796
tt0265666,nm0027572
tt0266308,nm0297935
tt0266543,nm0881279
tt0266543,nm0004056
tt0266697,nm0000233
tt0266915,nm0711840
tt0266987,nm0001716
tt0267913,nm0331532
tt0268126,nm0005069
tt0268380,nm0757858
tt0268380,nm0917188
tt0268695,nm0920425
tt0268978,nm0000165
tt0272152,nm0812200
tt0272338,nm0000759
tt0274166,nm0398185
tt0274558,nm0197636
tt0275847,nm0761498
tt0275847,nm0213450
tt0276751,nm0919369
tt0276751,nm0919363
tt0276919,nm0001885
tt0277027,nm0625458
tt0277296,nm0751080
tt0277371,nm0302778
tt0277434,nm0908824
tt0278504,nm0634240
tt0280590,nm0109359
tt0281358,nm0788202
tt0283111,nm0065608
tt0285823,nm0001675
tt0286106,nm0796117
tt0286499,nm0149446
tt0286716,nm0000487
tt0287467,nm0000264
tt0287978,nm0425756
tt0289043,nm0000965
tt0289765,nm0711840
tt0289879,nm0107774
tt0289879,nm0344259
tt0289992,nm0000570
tt0290002,nm0005366
tt0290334,nm0001741
tt0290673,nm0637615
tt0292506,nm0002044
tt0292963,nm0001486
tt0293429,nm2585406
tt0293508,nm0001708
tt0293564,nm0711840
tt0293662,nm0504642
tt0293662,nm0477035
tt0295178,nm0005366
tt0295297,nm0001060
tt0295700,nm0003343
tt0295701,nm0003418
tt0296572,nm0878638
tt0298130,nm0893659
tt0298148,nm0011470
tt0298148,nm0038432
tt0298148,nm0970447
tt0298203,nm0000436
tt0299658,nm0551128
tt0299977,nm0955443
tt0300471,nm0229694
tt0301357,nm0065615
tt0302886,nm0680846
tt0304141,nm0190859
tt0305224,nm0781842
tt0305357,nm0629334
tt0306047,nm0001878
tt0307453,nm0074426
tt0307453,nm0421776
tt0307453,nm1224299
tt0307901,nm0000490
tt0307987,nm0959062
tt0308644,nm0286975
tt0309593,nm0254786
tt0309698,nm0003506
tt0309987,nm0000934
tt0310793,nm0601619
tt0311113,nm0001837
tt0311429,nm0635759
tt0312004,nm0101508
tt0312004,nm0661910
tt0313737,nm0492909
tt0314331,nm0193485
tt0314353,nm0298807
tt0315327,nm0001723
tt0315733,nm0327944
tt0316654,nm0000600
tt0317198,nm0452319
tt0317219,nm0005124
tt0317219,nm0710020
tt0317248,nm0576987
tt0317248,nm0526199
tt0317705,nm0083348
tt0317740,nm0336620
tt0317919,nm0009190
tt0318462,nm0758574
tt0318627,nm0936838
tt0319061,nm0000318
tt0319262,nm0000386
tt0319343,nm0269463
tt0320661,nm0000631
tt0320691,nm0936482
tt0322259,nm0005436
tt0322330,nm0914132
tt0324216,nm1197971
tt0325703,nm0000957
tt0325710,nm0001880
tt0325805,nm0000631
tt0325980,nm0893659
tt0327056,nm0000142
tt0327084,nm0426333
tt0327084,nm0456732
tt0327554,nm0685759
tt0327597,nm0783139
tt0327850,nm0000916
tt0328107,nm0001716
tt0328828,nm0245888
tt0328880,nm1074107
tt0328880,nm0086431
tt0329101,nm0950553
tt0330373,nm0001565
tt0330793,nm0378144
tt0332280,nm0001024
tt0332379,nm0000500
tt0332452,nm0000583
tt0333766,nm0103785
tt0335245,nm0001053
tt0335245,nm0001054
tt0335266,nm0001068
tt0335345,nm0000154
tt0335438,nm0680846
tt0337563,nm0935095
tt0337741,nm0583600
tt0337978,nm0936482
tt0338013,nm0327273
tt0338337,nm0000247
tt0338348,nm0000709
tt0338526,nm0814085
tt0338564,nm0538320
tt0338564,nm0490487
tt0338751,nm0000217
tt0339291,nm0797869
tt0340163,nm0802807
tt0340855,nm0420941
tt0342258,nm0504642
tt0343135,nm0357453
tt0343660,nm0781842
tt0343737,nm0000134
tt0343818,nm0001639
tt0346491,nm0000231
tt0347149,nm0594503
tt0348150,nm0001741
tt0348836,nm0440913
tt0349683,nm0298807
tt0349903,nm0001752
tt0350258,nm0000431
tt0351283,nm0569891
tt0351283,nm0201509
tt0352248,nm0000165
tt0353969,nm0094435
tt0355295,nm0000416
tt0356150,nm0073688
tt0356150,nm0769840
tt0356150,nm0541635
tt0356910,nm0510731
tt0357413,nm0570912
tt0358082,nm0917188
tt0358082,nm0757858
tt0358273,nm0003506
tt0359013,nm0275286
tt0359950,nm0001774
tt0360486,nm1349376
tt0360717,nm0001392
tt0361596,nm0601619
tt0361748,nm0000233
tt0361862,nm0026442
tt0362120,nm0001878
tt0362227,nm0000229
tt0362270,nm0027572
tt0363163,nm0386570
tt0363547,nm0811583
tt0363771,nm0011470
tt0363988,nm0462895
tt0364569,nm0661791
tt0364725,nm1098493
tt0365737,nm0300866
tt0365748,nm0942367
tt0365830,nm0528381
tt0365907,nm0291082
tt0366548,nm0004306
tt0366548,nm0606688
tt0366548,nm0171253
tt0366551,nm0500444
tt0366627,nm0562266
tt0367594,nm0000318
tt0367882,nm0000229
tt0367959,nm0916424
tt0368008,nm0001129
tt0368447,nm0796117
tt0368891,nm0005509
tt0369339,nm0000520
tt0369441,nm0661751
tt0369610,nm1119880
tt0370263,nm0027271
tt0371724,nm1134029
tt0371746,nm0269463
tt0372183,nm0339030
tt0372588,nm0005295
tt0372784,nm0634240
tt0373051,nm0108094
tt0373074,nm0159507
tt0373469,nm0000948
tt0373883,nm0957772
tt0373889,nm0946734
tt0373926,nm0001628
tt0374900,nm0381478
tt0375063,nm0668247
tt0375679,nm0353673
tt0375912,nm0891216
tt0376136,nm0732430
tt0376541,nm0001566
tt0376994,nm0711840
tt0377092,nm0914132
tt0378194,nm0000233
tt0379725,nm0587955
tt0379786,nm0923736
tt0380510,nm0001392
tt0381061,nm0132709
tt0381681,nm0000500
tt0381707,nm0005540
tt0381849,nm0003506
tt0382625,nm0000165
tt0382932,nm0684342
tt0382932,nm0083348
tt0383574,nm0893659
tt0384537,nm0304521
tt0384793,nm0684336
tt0384806,nm1497918
tt0385002,nm0591994
tt0385004,nm0955443
tt0385752,nm0919363
tt0385880,nm1481493
tt0386117,nm0005069
tt0386140,nm0132709
tt0386588,nm0855035
tt0387131,nm0576987
tt0387564,nm1490123
tt0387808,nm0431918
tt0388482,nm0504642
tt0388795,nm0000487
tt0389722,nm1720541
tt0389790,nm0971239
tt0389790,nm9054338
tt0389860,nm0178997
tt0390384,nm1503403
tt0390521,nm1041597
tt0391198,nm1234345
tt0393109,nm0426059
tt0393162,nm0141961
tt0395169,nm0313623
tt0396171,nm0878756
tt0396269,nm0229694
tt0397065,nm1429471
tt0397101,nm0812200
tt0397535,nm0551128
tt0397892,nm0930261
tt0397892,nm0397174
tt0398165,nm0781842
tt0398286,nm1977355
tt0398286,nm0397174
tt0398808,nm0190780
tt0399146,nm0000343
tt0399201,nm0000881
tt0399295,nm0629272
tt0401383,nm0773603
tt0401729,nm0004056
tt0401792,nm0001675
tt0401792,nm0588340
tt0401792,nm0000233
tt0401855,nm0936482
tt0402022,nm0476201
tt0404032,nm0220600
tt0404203,nm0276062
tt0405094,nm0003697
tt0405159,nm0000142
tt0405296,nm0000500
tt0405422,nm0031976
tt0405508,nm1018493
tt0406375,nm0269463
tt0407304,nm0000229
tt0407887,nm0000217
tt0408236,nm0000318
tt0408306,nm0000229
tt0408790,nm0777881
tt0409182,nm0000583
tt0409459,nm0811583
tt0409847,nm0269463
tt0410297,nm0002159
tt0411477,nm0868219
tt0412019,nm0000464
tt0413099,nm0001723
tt0413267,nm1844237
tt0413267,nm0401203
tt0413300,nm0000600
tt0414387,nm0942504
tt0414982,nm0939128
tt0414993,nm0004716
tt0415306,nm0570912
tt0416320,nm0000095
tt0416449,nm0811583
tt0417148,nm0254786
tt0417741,nm0946734
tt0418279,nm0000881
tt0418689,nm0000142
tt0418763,nm0005222
tt0419706,nm0005647
tt0420223,nm0286975
tt0421073,nm0043742
tt0421239,nm0000127
tt0421715,nm0000399
tt0422720,nm0001068
tt0424095,nm0271402
tt0424095,nm0101047
tt0424136,nm1720541
tt0424345,nm0003620
tt0425061,nm0781842
tt0425112,nm0942367
tt0425123,nm0914132
tt0425210,nm0006476
tt0426883,nm0001024
tt0426931,nm0792202
tt0427152,nm0005366
tt0427327,nm0788202
tt0427944,nm0718646
tt0429493,nm0138620
tt0430105,nm0005436
tt0430357,nm0000520
tt0430922,nm0906476
tt0431197,nm0000916
tt0431308,nm0481418
tt0432021,nm0611683
tt0432283,nm0027572
tt0432348,nm1135423
tt0433035,nm0506613
tt0433362,nm1294961
tt0433362,nm1294962
tt0433400,nm0474955
tt0434409,nm0574625
tt0435625,nm0551076
tt0435651,nm0637518
tt0435705,nm0848414
tt0435761,nm0881279
tt0436697,nm0001241
tt0437086,nm0001675
tt0438097,nm0757858
tt0438488,nm0629334
tt0440963,nm0339030
tt0441773,nm0651706
tt0441773,nm0828970
tt0442933,nm0000709
tt0443272,nm0000229
tt0443274,nm0871428
tt0443453,nm0153078
tt0443543,nm1139726
tt0443649,nm0000386
tt0443680,nm0231596
tt0443706,nm0000399
tt0445922,nm0853380
tt0445934,nm0817447
tt0445934,nm0330347
tt0446029,nm0942367
tt0448011,nm0001639
tt0448115,nm2497546
tt0448134,nm0000965
tt0448157,nm0000916
tt0448694,nm1844237
tt0449010,nm0266777
tt0449059,nm0206760
tt0449059,nm0267512
tt0449088,nm0893659
tt0449467,nm0327944
tt0450232,nm0001149
tt0450259,nm0001880
tt0450278,nm0744834
tt0450385,nm0405632
tt0451079,nm0371755
tt0451079,nm0553942
tt0451279,nm0420941
tt0452594,nm0715636
tt0452608,nm0027271
tt0452623,nm0000255
tt0452694,nm0777881
tt0453451,nm0070436
tt0453467,nm0001716
tt0454841,nm0014960
tt0454848,nm0000490
tt0454876,nm0000487
tt0454921,nm0610831
tt0454945,nm0275698
tt0455407,nm0252135
tt0455590,nm0531817
tt0455824,nm0525303
tt0455944,nm0298807
tt0457430,nm0868219
tt0457939,nm0583600
tt0458339,nm0002653
tt0458352,nm0291205
tt0458481,nm0001675
tt0458481,nm0588340
tt0458525,nm0004303
tt0460791,nm0802248
tt0461770,nm0510674
tt0462322,nm0942367
tt0462322,nm0000233
tt0462322,nm0744834
tt0462322,nm0001675
tt0462322,nm0957772
tt0462499,nm0000230
tt0462504,nm0001348
tt0462538,nm0798899
tt0462590,nm0281945
tt0463854,nm0294379
tt0463985,nm0510912
tt0464141,nm1291105
tt0465234,nm0005509
tt0465494,nm1164755
tt0465538,nm0006904
tt0465580,nm0006476
tt0465602,nm0205157
tt0467197,nm0601382
tt0467200,nm0149491
tt0467406,nm0718646
tt0468492,nm0094435
tt0468569,nm0634240
tt0469494,nm0000759
tt0470752,nm0307497
tt0471042,nm0711840
tt0472033,nm0009942
tt0472043,nm0000154
tt0472062,nm0001566
tt0472399,nm0922346
tt0473075,nm0001565
tt0473705,nm0531817
tt0475276,nm0339030
tt0475290,nm0001053
tt0475290,nm0001054
tt0475394,nm0138620
tt0477080,nm0001716
tt0477302,nm0197636
tt0477347,nm0506613
tt0477348,nm0001054
tt0477348,nm0001053
tt0478087,nm0525659
tt0478304,nm0000517
tt0478311,nm0031976
tt0478970,nm0715636
tt0479143,nm0000230
tt0479884,nm0004410
tt0479884,nm0962729
tt0479952,nm0201509
tt0479952,nm0569891
tt0480025,nm0276349
tt0480242,nm0373282
tt0480249,nm1349376
tt0480687,nm0268380
tt0480687,nm0125803
tt0481369,nm0001708
tt0481499,nm0210320
tt0481499,nm0761498
tt0481536,nm1375358
tt0481536,nm1376383
tt0482571,nm0634240
tt0482606,nm1052162
tt0485947,nm0233757
tt0486576,nm1103162
tt0486655,nm0891216
tt0486822,nm0142286
tt0486946,nm0065608
tt0488120,nm0387706
tt0489099,nm0510731
tt0489270,nm1135423
tt0490215,nm0000217
tt0493464,nm0067457
tt0496806,nm0001752
tt0497465,nm0000095
tt0498380,nm0000142
tt0499448,nm0011470
tt0499549,nm0000116
tt0756683,nm0770942
tt0758730,nm0833780
tt0758730,nm0833779
tt0758746,nm1197971
tt0758752,nm0001880
tt0758758,nm0000576
tt0758766,nm0492909
tt0758774,nm0000631
tt0762107,nm0240797
tt0765010,nm0006487
tt0765429,nm0000631
tt0765443,nm0000343
tt0770828,nm0811583
tt0780504,nm0716347
tt0780521,nm0615780
tt0780521,nm0166256
tt0780536,nm1732981
tt0780571,nm0262595
tt0780653,nm0002653
tt0783233,nm0942504
tt0790636,nm0885249
tt0790686,nm0014960
tt0790724,nm0003160
tt0790736,nm0777881
tt0795368,nm0000568
tt0795421,nm1630273
tt0796366,nm0009190
tt0799949,nm0294997
tt0799949,nm0783536
tt0800039,nm0831557
tt0800080,nm0504642
tt0800320,nm0504642
tt0800369,nm0000110
tt0803096,nm1512910
tt0804497,nm0281396
tt0804497,nm1349818
tt0805564,nm0318916
tt0808151,nm0000165
tt0810819,nm0393799
tt0814255,nm0001060
tt0814314,nm0610831
tt0815236,nm1637768
tt0816442,nm1093053
tt0816692,nm0634240
tt0816711,nm0286975
tt0817230,nm0005190
tt0822832,nm0291205
tt0822847,nm0829820
tt0822854,nm0298807
tt0824747,nm0000142
tt0825232,nm0001661
tt0829150,nm2411495
tt0829482,nm0609549
tt0830515,nm0286975
tt0831387,nm2284484
tt0832266,nm0111845
tt0834001,nm0851281
tt0837562,nm0850733
tt0838221,nm0027572
tt0838283,nm0570912
tt0840361,nm0000255
tt0842926,nm0158966
tt0844471,nm0588087
tt0844471,nm0520488
tt0848228,nm0923736
tt0848537,nm0917188
tt0859163,nm0003418
tt0861739,nm0655683
tt0865556,nm0591450
tt0870111,nm0000165
tt0870154,nm1429471
tt0870984,nm0001885
tt0876563,nm0594503
tt0878804,nm0359387
tt0884328,nm0001104
tt0887883,nm0001053
tt0887883,nm0001054
tt0887912,nm0000941
tt0889573,nm0817447
tt0889573,nm0330347
tt0889583,nm0153078
tt0890870,nm1135423
tt0892769,nm0761498
tt0892769,nm0213450
tt0892782,nm1224299
tt0892782,nm0970447
tt0892791,nm0593610
tt0898367,nm0384825
tt0901476,nm0935095
tt0903624,nm0001392
tt0905372,nm0374048
tt0907657,nm0138809
tt0910936,nm0337773
tt0910970,nm0004056
tt0914798,nm0379179
tt0918927,nm0788234
tt0918940,nm0946734
tt0926084,nm0946734
tt0929632,nm0200005
tt0936501,nm0603628
tt0938283,nm0796117
tt0942385,nm0001774
tt0944835,nm0637518
tt0945513,nm1512910
tt0947798,nm0004716
tt0947810,nm0339030
tt0948470,nm1989536
tt0949731,nm0796117
tt0955308,nm0000631
tt0959337,nm0005222
tt0960144,nm0240797
tt0963966,nm0005509
tt0964517,nm0751102
tt0970179,nm0000217
tt0970416,nm0220600
tt0970866,nm0919369
tt0974015,nm0811583
tt0974661,nm0824882
tt0976051,nm0197636
tt0978762,nm0254178
tt0978764,nm0811583
tt0980970,nm0000776
tt0983193,nm0000229
tt0985694,nm0542450
tt0985694,nm0001675
tt0985699,nm0001741
tt0986263,nm0609236
tt0986264,nm0451148
tt0986264,nm1244760
tt0988045,nm0005363
tt0988595,nm0281945
tt0989757,nm0002120
tt0990407,nm0327273
tt0993840,nm0811583
tt0993842,nm0942504
tt0993846,nm0000217
tt1000774,nm0455078
tt1001508,nm0477129
tt1001526,nm0569891
tt1007028,nm0003620
tt1007029,nm1630273
tt1010048,nm0000965
tt1010048,nm0849164
tt1013743,nm0003506
tt1013752,nm0510912
tt1013753,nm0001814
tt1014759,nm0000318
tt10189514,nm1464314
tt1019452,nm0001053
tt1019452,nm0001054
tt1022603,nm1989536
tt1023111,nm0905592
tt1023114,nm0001837
tt1024648,nm0000255
tt1025100,nm0000487
tt10272386,nm1725469
tt1027718,nm0000231
tt1028528,nm0000233
tt1028532,nm0002120
tt10288566,nm0899121
tt10293406,nm0001005
tt10295212,nm3315387
tt1032755,nm0005363
tt1033575,nm0668247
tt1033643,nm0891114
tt1034032,nm0004410
tt1034032,nm0962729
tt1034303,nm0001880
tt1037705,nm0400441
tt1037705,nm0400436
tt1038686,nm0829820
tt1038919,nm0855035
tt1038988,nm0049371
tt1038988,nm0687042
tt1041829,nm0281945
tt1045658,nm0751102
tt1046173,nm0814085
tt1049413,nm0230032
tt1049413,nm0677037
tt1051906,nm1191481
tt1053424,nm0764601
tt1054606,nm0000416
tt1055292,nm0075528
tt1055369,nm0000881
tt1057500,nm0000142
tt1058017,nm2816668
tt1058017,nm0315041
tt1059786,nm0142286
tt1060277,nm0716257
tt1063669,nm0304541
tt1065073,nm0000500
tt1067106,nm0000709
tt1067583,nm1349376
tt1068680,nm0715636
tt1070874,nm0815070
tt1071875,nm0004410
tt1071875,nm0962729
tt1073498,nm0783536
tt1073498,nm0294997
tt1074638,nm0005222
tt1077258,nm0001675
tt1077368,nm0000318
tt1078912,nm0506613
tt1078940,nm0082526
tt1080016,nm0862211
tt1080016,nm0757858
tt10838180,nm0905154
tt1086772,nm0178997
tt10872600,nm1218281
tt10888594,nm0222150
tt1091191,nm0000916
tt1091722,nm0609549
tt1092026,nm0609549
tt1099212,nm0362566
tt1100089,nm0587955
tt1104001,nm2676052
tt11083552,nm0005363
tt1109624,nm1653753
tt1111422,nm0001716
tt1114740,nm0139867
tt1119646,nm0680846
tt1120985,nm0161834
tt1121931,nm0962729
tt1121931,nm0004410
tt1124035,nm0000123
tt1125849,nm0004716
tt1127180,nm0000600
tt11286314,nm0570912
tt1129442,nm0576298
tt1130884,nm0000217
tt1131729,nm0193485
tt1131734,nm0476201
tt1132620,nm0649117
tt1132626,nm0352524
tt1133985,nm0132709
tt1135503,nm0001188
tt1136608,nm0088955
tt1139328,nm0000591
tt1139797,nm0019247
tt1142977,nm0000318
tt1142988,nm0525659
tt1144884,nm0254786
tt1148204,nm1429471
tt1152836,nm0000520
tt1155056,nm0357453
tt1155076,nm0958969
tt1156398,nm0281508
tt1160419,nm0898288
tt1170358,nm0001392
tt1172570,nm0716347
tt1174732,nm0771054
tt1179034,nm0603628
tt1179904,nm2305431
tt1179933,nm0870469
tt1182345,nm1512910
tt1187043,nm0386246
tt1187064,nm1247462
tt1188729,nm0023355
tt1188996,nm0424103
tt1189073,nm0000264
tt1189340,nm1026778
tt1190080,nm0000386
tt1192628,nm0893659
tt1193138,nm0718646
tt1194173,nm0006904
tt1197624,nm0336620
tt1201167,nm0031976
tt1201607,nm0946734
tt1204975,nm0005509
tt1205489,nm0000142
tt1205537,nm0000110
tt1206543,nm0178376
tt1210166,nm0587955
tt1210819,nm0893659
tt1211837,nm0220600
tt1211956,nm0405632
tt1212450,nm0384825
tt1213641,nm3227090
tt1213663,nm0942367
tt1216475,nm0506977
tt1216475,nm0005124
tt1216492,nm0875793
tt1217209,nm0152312
tt1217209,nm0700760
tt1217209,nm0028764
tt1217613,nm0509448
tt1219289,nm1139726
tt1219827,nm2782185
tt1220634,nm0027271
tt1220719,nm0948159
tt1226229,nm0831557
tt1228705,nm0269463
tt1228987,nm0716257
tt1229238,nm0083348
tt1229340,nm0570912
tt1231583,nm0680846
tt1231587,nm0684336
tt1232829,nm0588087
tt1232829,nm0520488
tt1233227,nm0340436
tt1234548,nm0381416
tt1234721,nm0655683
tt12361974,nm0811583
tt1240982,nm0337773
tt1242460,nm0708903
tt1243957,nm0003697
tt1245492,nm0736622
tt1245492,nm1698571
tt1245526,nm0777881
tt1250777,nm0891216
tt1253863,nm1729171
tt1253864,nm0802248
tt1255953,nm0898288
tt1258197,nm0371955
tt1259521,nm1206844
tt1259528,nm0345615
tt1259571,nm0919363
tt1262416,nm0000127
tt1267297,nm0711840
tt1270797,nm0281508
tt1270798,nm0891216
tt1272878,nm0466349
tt1276104,nm0426059
tt1277953,nm0970447
tt1277953,nm0569891
tt1277953,nm0201509
tt1279935,nm0506613
tt12801262,nm1154836
tt1282140,nm0323239
tt1284575,nm0440458
tt1285016,nm0000399
tt1288558,nm1793079
tt1289401,nm0082450
tt1291150,nm0509448
tt1291584,nm0640334
tt1298649,nm1676223
tt1298650,nm0551128
tt1300854,nm0000948
tt1302006,nm0000217
tt1302011,nm0950775
tt1305806,nm0002728
tt1306980,nm1349522
tt1307068,nm1032521
tt13143964,nm0938471
tt1314655,nm0235719
tt1315981,nm1053530
tt1318514,nm1012501
tt1320253,nm0000230
tt1321870,nm0281508
tt1323594,nm1853544
tt1323594,nm0719208
tt1324999,nm0174374
tt1325004,nm1720541
tt1327194,nm0382956
tt1327773,nm0200005
tt1333125,nm0348181
tt1333125,nm2455747
tt1333125,nm1743387
tt1333125,nm0006969
tt1333125,nm1158962
tt1333125,nm0644022
tt1333125,nm2086105
tt1333125,nm0711840
tt1333125,nm0109359
tt1333125,nm0268380
tt1333125,nm0139867
tt1333125,nm0001162
tt1333125,nm0192090
tt1334260,nm0738796
tt1335975,nm0727754
tt1340138,nm0851930
tt1340800,nm0019247
tt1343092,nm0525303
tt1343727,nm0871428
tt1345836,nm0634240
tt1351685,nm0001741
tt1355630,nm0191712
tt1355644,nm0878763
tt1355683,nm0178376
tt1365519,nm1012385
tt1371111,nm0905152
tt1371111,nm0905154
tt1371111,nm0878756
tt1375666,nm0634240
tt1375670,nm0240797
tt1385826,nm1079776
tt1386588,nm0570912
tt1386697,nm0043742
tt1386703,nm0936482
tt1386932,nm0948159
tt1389072,nm0668247
tt1389137,nm0001081
tt1390411,nm0000165
tt1392170,nm0002657
tt1392190,nm0004306
tt1392214,nm0898288
tt1396484,nm0615592
tt1397280,nm0576298
tt1397514,nm0679031
tt1398426,nm0336620
tt1399103,nm0000881
tt1399683,nm0335138
tt1401152,nm1429471
tt1403865,nm0001053
tt1403865,nm0001054
tt1403981,nm0002339
tt1408101,nm0009190
tt1408253,nm1103162
tt1409024,nm0001756
tt1411238,nm0718645
tt1411250,nm0878638
tt1411697,nm0680846
tt1424381,nm0030735
tt1428538,nm2482088
tt1430132,nm0003506
tt1431045,nm1783265
tt1433108,nm0863387
tt1436562,nm0757858
tt1438176,nm0318916
tt1440129,nm0000916
tt1441395,nm0322242
tt1446192,nm0709056
tt1446714,nm0000631
tt1448755,nm1834213
tt1450321,nm1580671
tt1453405,nm0768959
tt1454029,nm0853238
tt1454468,nm0190859
tt1457767,nm1490123
tt1458175,nm0353673
tt1462758,nm0181579
tt1464540,nm0142286
tt1465522,nm0185848
tt1469304,nm1164861
tt1477834,nm1490123
tt1478338,nm0082450
tt1478964,nm0180428
tt1482459,nm0049633
tt1482459,nm0719208
tt1483013,nm2676052
tt1485796,nm1243905
tt1486185,nm0362566
tt1488555,nm0229694
tt1488606,nm1170855
tt1489887,nm1312575
tt1489889,nm1098493
tt1490017,nm0588087
tt1490017,nm0520488
tt1496025,nm0825407
tt1496025,nm0617523
tt1499658,nm1164861
tt1502397,nm4816401
tt1502397,nm4263190
tt1502407,nm0337773
tt1502712,nm2503633
tt1502712,nm0729701
tt1504320,nm0393799
tt15097216,nm4377096
tt1509767,nm0027271
tt1515091,nm0005363
tt1517260,nm0629272
tt1517451,nm0177896
tt1524137,nm0466349
tt1524930,nm0197855
tt1524930,nm0326246
tt1527186,nm0001885
tt1528100,nm0000631
tt1528854,nm1890845
tt1535108,nm0088955
tt1535109,nm0339030
tt1536044,nm0931095
tt1536537,nm2482088
tt1538403,nm0958969
tt1542344,nm0000965
tt1547234,nm0462895
tt1549920,nm0453518
tt1560220,nm0281508
tt1560747,nm0000759
tt1563738,nm0771054
tt1564367,nm0240797
tt1567609,nm0344496
tt1568338,nm1300606
tt1568346,nm0000399
tt1568911,nm0000229
tt1570728,nm0275629
tt1570728,nm0720135
tt1571222,nm0000343
tt1571234,nm0729514
tt1583421,nm0160840
tt1587310,nm0834902
tt1588170,nm0453518
tt1588173,nm1349522
tt1590193,nm1429471
tt1591095,nm1490123
tt1596343,nm0510912
tt1596350,nm0629334
tt1596363,nm0570912
tt1596365,nm1220140
tt1598778,nm0001752
tt1599348,nm1174251
tt1600196,nm1742427
tt1601913,nm0138620
tt1602613,nm0716347
tt1605630,nm1375358
tt1605630,nm1376383
tt1605783,nm0000095
tt1606378,nm0601382
tt1606389,nm1302591
tt1611224,nm0067457
tt1614989,nm0878763
tt1615065,nm0000231
tt1615147,nm1170855
tt1615160,nm0132709
tt1616195,nm0000142
tt1617661,nm0905154
tt1617661,nm0905152
tt1618434,nm1760830
tt1618442,nm0252135
tt1622979,nm0702797
tt1623205,nm0000600
tt1623288,nm2752098
tt1623288,nm0271402
tt1628841,nm0000386
tt1631867,nm0510731
tt1632708,nm0323239
tt1634122,nm0662529
tt1636826,nm1294036
tt1637688,nm0629272
tt1637725,nm0532235
tt1638002,nm0228542
tt1638355,nm0005363
tt1645170,nm0153078
tt1646971,nm0213450
tt1646987,nm0509448
tt1648190,nm1064048
tt1649419,nm1291105
tt1650062,nm0009190
tt1650554,nm0905592
tt1655441,nm1767218
tt1655442,nm0371890
tt1656190,nm0945026
tt1659337,nm0154716
tt1661199,nm0000110
tt1663202,nm0327944
tt1663662,nm0868219
tt1667889,nm0553942
tt1667889,nm0862211
tt1670345,nm0504642
tt1673434,nm0174374
tt1675434,nm0619923
tt1675434,nm0865918
tt1677720,nm0000229
tt1682180,nm0661791
tt1690953,nm1853544
tt1690953,nm0719208
tt1692486,nm0000591
tt1700841,nm0970447
tt1700841,nm0862911
tt1702439,nm0002120
tt1706593,nm2503633
tt1706620,nm0094435
tt1707386,nm0393799
tt1714206,nm1242054
tt1723121,nm1098493
tt1723811,nm2588606
tt1727388,nm0269542
tt1727388,nm0711110
tt1727824,nm0001741
tt1731141,nm0004303
tt1735898,nm2782185
tt1748122,nm0027572
tt1758830,nm0031976
tt1764234,nm0231596
tt1764651,nm0922346
tt1772341,nm0601781
tt1790809,nm1650283
tt1790809,nm1461392
tt1790864,nm1226871
tt1790885,nm0000941
tt1790886,nm0005366
tt1791528,nm0000759
tt1798684,nm0298807
tt1798709,nm0005069
tt1800241,nm0751102
tt1800246,nm3230448
tt1809398,nm0001401
tt1815862,nm0796117
tt1817273,nm0161834
tt1821549,nm0668247
tt1821694,nm0661751
tt1823672,nm0088955
tt1825683,nm3363032
tt1832382,nm1410815
tt1840309,nm1139726
tt1843866,nm0751648
tt1843866,nm0751577
tt1853728,nm0000233
tt1854564,nm0294457
tt1855199,nm0043742
tt1855325,nm0027271
tt1856101,nm0898288
tt1860213,nm0563243
tt1860357,nm0000916
tt1862079,nm1119880
tt1872181,nm1989536
tt1872194,nm0229694
tt1877830,nm0716257
tt1877832,nm0001741
tt1878870,nm2609807
tt1895587,nm0565336
tt1899353,nm2153088
tt1904996,nm0000431
tt1905041,nm0510912
tt1907668,nm0000709
tt1911644,nm0026442
tt1915581,nm0001752
tt1921064,nm0027271
tt1922777,nm0220600
tt1924396,nm0868153
tt1924429,nm0000965
tt1924435,nm0339004
tt1931533,nm1732981
tt1935179,nm2158772
tt1935859,nm0000318
tt1937390,nm0001885
tt1939659,nm0005303
tt1950186,nm0003506
tt1951261,nm0680846
tt1951264,nm1349376
tt1951265,nm1349376
tt1951266,nm1349376
tt1956620,nm0440458
tt1959490,nm0004716
tt1959563,nm0400850
tt1964418,nm0083348
tt1972591,nm0005363
tt1979320,nm0000165
tt1979376,nm2155757
tt1979388,nm0812307
tt1980209,nm0000881
tt1980929,nm0138809
tt1981115,nm0851930
tt1981128,nm0002041
tt1981677,nm0601337
tt2004420,nm0831557
tt2005151,nm0680846
tt2015381,nm0348181
tt2023587,nm0615592
tt2024432,nm1164861
tt2024469,nm1429471
tt2024544,nm2588606
tt2034800,nm0955443
tt2042568,nm0001053
tt2042568,nm0001054
tt2053463,nm0001752
tt2066051,nm0002077
tt2080374,nm0000965
tt2084970,nm0878763
tt2094766,nm0997291
tt2096672,nm0268380
tt2096672,nm0125803
tt2096673,nm0230032
tt2096673,nm0215455
tt2101441,nm0005101
tt2103281,nm0716257
tt2106476,nm0899121
tt2109248,nm0000881
tt2119532,nm0000154
tt2120120,nm0001060
tt2126355,nm0679031
tt2139881,nm1349522
tt2140373,nm0359387
tt2140479,nm0640334
tt2170439,nm1890845
tt2170593,nm0577647
tt2177771,nm0000123
tt2179136,nm0000142
tt2180411,nm0551128
tt2184339,nm0218621
tt2191701,nm0240797
tt2193215,nm0000631
tt2194499,nm0193485
tt2199571,nm1429471
tt2203939,nm0001024
tt2209418,nm0000500
tt2209764,nm0002892
tt2222042,nm3462290
tt2226417,nm1490123
tt2229499,nm0330687
tt2231461,nm0679031
tt2234155,nm0506613
tt2239822,nm0000108
tt2245084,nm2320658
tt2245084,nm0930261
tt2250912,nm1218281
tt2265171,nm2153088
tt2267968,nm1868917
tt2267968,nm0950775
tt2267998,nm0000399
tt2277860,nm0533691
tt2277860,nm0004056
tt2278388,nm0027572
tt2278871,nm0444244
tt2283336,nm0336620
tt2283362,nm0440458
tt2293640,nm1853544
tt2293640,nm0049633
tt2294449,nm0520488
tt2294449,nm0588087
tt2294629,nm1601644
tt2294629,nm0118333
tt2302755,nm0298807
tt2304933,nm2128335
tt2305051,nm0885249
tt2310332,nm0001392
tt2312718,nm0001219
tt2316204,nm0000631
tt2316411,nm0898288
tt2321549,nm0448768
tt2322441,nm0853374
tt2333784,nm0400850
tt2334873,nm0000095
tt2334879,nm0000386
tt2338151,nm0386246
tt2345759,nm0476064
tt2361509,nm0583600
tt2369135,nm0915304
tt2379713,nm0005222
tt2380307,nm2937122
tt2380307,nm0881279
tt2381111,nm1259871
tt2381249,nm0003160
tt2381941,nm0720135
tt2381941,nm0275629
tt2381991,nm1031639
tt2382320,nm1560977
tt2386490,nm0213450
tt2388715,nm1093039
tt2395427,nm0923736
tt2397535,nm1294961
tt2397535,nm1294962
tt2400463,nm0476201
tt2402927,nm0001331
tt2404233,nm0001639
tt2404311,nm0000108
tt2404435,nm0298807
tt2404463,nm0082450
tt2406566,nm0500610
tt2446042,nm0576298
tt2446980,nm0751102
tt2488496,nm0009190
tt2503944,nm0920274
tt2510894,nm0850733
tt2527336,nm0426059
tt2527338,nm0009190
tt2543164,nm0898288
tt2543472,nm0154716
tt2548396,nm1564809
tt2554274,nm0868219
tt2557478,nm0215299
tt2557490,nm0532235
tt2561572,nm1000113
tt2562232,nm0327944
tt2567026,nm0090386
tt2582496,nm0004234
tt2582782,nm0533284
tt2582802,nm3227090
tt2582846,nm1837748
tt2584384,nm0169806
tt2631186,nm1442514
tt2637276,nm0532235
tt2660888,nm0510912
tt2671706,nm0000243
tt2674426,nm4824763
tt2692250,nm0506613
tt2692904,nm1140275
tt2704998,nm0197855
tt2704998,nm0326246
tt2709768,nm0719208
tt2713180,nm0043742
tt2719848,nm0466349
tt2737304,nm0081540
tt2763304,nm0000965
tt2771200,nm0174374
tt2788710,nm1698571
tt2788710,nm0736622
tt2798920,nm0307497
tt2802144,nm0891216
tt2820852,nm1490123
tt2848292,nm0006969
tt2854926,nm1762961
tt2866360,nm0126096
tt2872718,nm0319659
tt2872732,nm0000108
tt2873282,nm1349376
tt2883512,nm0269463
tt2884206,nm2648685
tt2908446,nm0777881
tt2911666,nm0500610
tt2911666,nm0821432
tt2935510,nm0336695
tt2948356,nm0601781
tt2948356,nm1158544
tt2948356,nm0397174
tt2948372,nm5358492
tt2948372,nm0230032
tt2953050,nm0397174
tt2953050,nm1158544
tt2953050,nm4146781
tt2975578,nm0218621
tt2975590,nm0811583
tt2980516,nm1016428
tt3011894,nm1167933
tt3040964,nm0269463
tt3062096,nm0000165
tt3065204,nm1490123
tt3076658,nm3363032
tt3079380,nm0082450
tt3104988,nm0160840
tt3110958,nm0160840
tt3152624,nm0031976
tt3170832,nm1049433
tt3183660,nm0946734
tt3195644,nm1191481
tt3228774,nm0318916
tt3235888,nm1379002
tt3263904,nm0000142
tt3281548,nm1950086
tt3289956,nm0004217
tt3300542,nm0619836
tt3315342,nm0003506
tt3316960,nm0922903
tt3316960,nm0322144
tt3322940,nm0502954
tt3371366,nm0000881
tt3385516,nm0001741
tt3393786,nm0001880
tt3397884,nm0898288
tt3402236,nm0000110
tt3410834,nm0777881
tt3416742,nm0169806
tt3416742,nm1318596
tt3450958,nm0716257
tt3460252,nm0000233
tt3464902,nm0487166
tt3469046,nm0049633
tt3469046,nm3210494
tt3469046,nm1853544
tt3470600,nm2888554
tt3470600,nm1134029
tt3480822,nm0795153
tt3488710,nm0000709
tt3498820,nm0751648
tt3498820,nm0751577
tt3501632,nm0169806
tt3521126,nm0290556
tt3521164,nm0615780
tt3521164,nm2320658
tt3521164,nm0930261
tt3521164,nm0166256
tt3531824,nm1160962
tt3531824,nm1413364
tt3532216,nm0510731
tt3553976,nm0743671
tt3567288,nm0796117
tt3569230,nm0001338
tt3606756,nm0083348
tt3622592,nm1500577
tt3631112,nm0853238
tt3640424,nm0000709
tt3659388,nm0000631
tt3682448,nm0000229
tt3717490,nm2410311
tt3731562,nm3611349
tt3741700,nm1002424
tt3741834,nm0204628
tt3748172,nm1093039
tt3748528,nm2284484
tt3766354,nm0298807
tt3774114,nm0000231
tt3778644,nm0000165
tt3783958,nm3227090
tt3794354,nm1733778
tt3799694,nm0000948
tt3829266,nm0000948
tt3846674,nm0426287
tt3874544,nm0569891
tt3890160,nm0942367
tt3896198,nm0348181
tt3967856,nm0094435
tt4016934,nm0661791
tt4034228,nm0518836
tt4034354,nm3453283
tt4034354,nm3215397
tt4046784,nm1226871
tt4052882,nm1429471
tt4062536,nm1099918
tt4116284,nm0003021
tt4123430,nm0946734
tt4154664,nm1349818
tt4154664,nm0281396
tt4154756,nm0751648
tt4154756,nm0751577
tt4154796,nm0751577
tt4154796,nm0751648
tt4160708,nm1793079
tt4172430,nm0000881
tt4178092,nm0249291
tt4196776,nm0339030
tt4209788,nm0815070
tt4244994,nm0000631
tt4263482,nm3211470
tt4276820,nm0359387
tt4302938,nm1325899
tt4425200,nm0821432
tt4438848,nm0831557
tt4481414,nm1989536
tt4500922,nm1226871
tt4501244,nm0357453
tt4513678,nm0718646
tt4520988,nm0118333
tt4520988,nm1601644
tt4550098,nm1053530
tt4555426,nm0942504
tt4566758,nm0138927
tt4630562,nm0336620
tt4633694,nm0709056
tt4633694,nm0745247
tt4633694,nm2130108
tt4649466,nm0891216
tt4651520,nm0524190
tt4651520,nm0601859
tt4698684,nm0169806
tt4701182,nm1325899
tt4729430,nm0655053
tt4729430,nm3582089
tt4776998,nm0313623
tt4779682,nm0005509
tt4786282,nm2497546
tt4846232,nm1343394
tt4846232,nm1509478
tt4846340,nm0577647
tt4857264,nm1079062
tt4881806,nm1291105
tt4912910,nm0003160
tt4925292,nm1950086
tt4972582,nm0796117
tt4975722,nm1503575
tt5013056,nm0634240
tt5022702,nm1093039
tt5027774,nm1732981
tt5034838,nm1417392
tt5052448,nm1443502
tt5052474,nm1356588
tt5074352,nm4318159
tt5083738,nm0487166
tt5095030,nm0715636
tt5104604,nm0027572
tt5109280,nm2320658
tt5109280,nm2788015
tt5109280,nm2128363
tt5109280,nm0727960
tt5109784,nm0004716
tt5140878,nm2497546
tt5164214,nm0002657
tt5164432,nm0075528
tt5308322,nm0484907
tt5311514,nm1396121
tt5362988,nm0792263
tt5363618,nm2942187
tt5433138,nm0510912
tt5439796,nm0001752
tt5442430,nm1174251
tt5462602,nm0795290
tt5463162,nm0500610
tt5519340,nm0043742
tt5580036,nm0318916
tt5580390,nm0868219
tt5606664,nm1093039
tt5649144,nm0048918
tt5700672,nm3613566
tt5715874,nm0487166
tt5726616,nm0345174
tt5727208,nm1509478
tt5727208,nm1343394
tt5742374,nm0708903
tt5758778,nm1098493
tt5776858,nm0000759
tt5813916,nm3809021
tt5814060,nm2379028
tt5848272,nm0601781
tt5848272,nm1601882
tt5884052,nm1224299
tt5886046,nm0733263
tt6105098,nm0269463
tt6139732,nm0005363
tt6146586,nm0821432
tt6155172,nm0190859
tt6264654,nm0506613
tt6266538,nm0570912
tt6294822,nm0000229
tt6320628,nm1218281
tt6334354,nm0348181
tt6343314,nm4023702
tt6394270,nm0005366
tt6412452,nm0001053
tt6412452,nm0001054
tt6450804,nm1783265
tt6499752,nm1191481
tt6565702,nm1334526
tt6628394,nm1206844
tt6644200,nm1024677
tt6723592,nm0634240
tt6751668,nm0094435
tt6806448,nm0500610
tt6823368,nm0796117
tt6857112,nm1443502
tt6966692,nm0268380
tt7040874,nm0082450
tt7069210,nm1980431
tt7097896,nm0785227
tt7126948,nm0420941
tt7131622,nm0000233
tt7146812,nm0768959
tt7286456,nm0680846
tt7349662,nm0000490
tt7349950,nm0615592
tt7395114,nm1290515
tt7401588,nm1890845
tt7556122,nm0697656
tt7653254,nm0000876
tt7668870,nm3792134
tt7713068,nm4014166
tt7737786,nm0006846
tt7784604,nm4170048
tt7798634,nm2366012
tt7798634,nm2419470
tt7846844,nm0102873
tt7888964,nm5820154
tt7959026,nm0000142
tt7975244,nm0440458
tt7984734,nm3211470
tt7984766,nm2391575
tt7991608,nm1098493
tt8079248,nm0000965
tt8106534,nm0000881
tt8110330,nm2535507
tt8228288,nm2008067
tt8244784,nm0957505
tt8332922,nm1024677
tt8367814,nm0005363
tt8404614,nm0576987
tt8579674,nm0005222
tt8772262,nm4170048
tt8936646,nm1092087
tt8946378,nm0426059
tt9032400,nm2125482
tt9243946,nm0319213
tt9376612,nm2308774
tt9421570,nm0298807
tt9484998,nm3817317
tt9495224,nm1720541
tt9620292,nm2193504
tt9770150,nm2125482
tt9777666,nm0003021
tt9893250,nm2128335
