"('mid',)","('averageRating',)","('numVotes',)"
tt0012349,8.3,123469
tt0015864,8.2,108893
tt0017136,8.3,170325
tt0021749,8.5,180215
tt0022100,8.3,154063
tt0025316,8.1,101331
tt0027977,8.5,235102
tt0029583,7.6,193850
tt0031381,8.2,307821
tt0031679,8.1,113607
tt0032138,8.1,386045
tt0032553,8.4,218350
tt0032910,7.5,140714
tt0032976,8.1,133993
tt0033467,8.3,431307
tt0033563,7.3,128574
tt0033870,8.0,155870
tt0034492,7.3,139371
tt0034583,8.5,555277
tt0036775,8.3,153187
tt0038650,8.7,441057
tt0040522,8.3,159470
tt0040746,8.0,139702
tt0040897,8.2,122172
tt0041959,8.1,168421
tt0042192,8.3,128554
tt0042332,7.3,155737
tt0042876,8.2,164103
tt0043014,8.4,215859
tt0043274,7.4,137748
tt0044079,7.9,131530
tt0044081,8.0,105961
tt0044706,8.0,102515
tt0045152,8.3,234774
tt0046183,7.3,135758
tt0046250,8.0,135763
tt0046912,8.2,170963
tt0047296,8.1,151493
tt0047396,8.5,476760
tt0047478,8.7,336419
tt0048280,7.3,131845
tt0050083,9.0,755007
tt0050212,8.2,215561
tt0050825,8.4,191637
tt0050976,8.1,180228
tt0050986,8.2,104798
tt0051201,8.4,120721
tt0052311,8.0,102965
tt0052357,8.3,391454
tt0052618,8.1,233306
tt0053125,8.3,319279
tt0053198,8.1,114497
tt0053285,7.3,145033
tt0053291,8.2,260156
tt0053604,8.3,176641
tt0054215,8.5,647449
tt0054331,7.9,132228
tt0054698,7.6,176130
tt0055254,7.3,163557
tt0055614,7.6,109750
tt0055630,8.2,119913
tt0055928,7.2,161981
tt0056172,8.3,285734
tt0056592,8.3,309650
tt0056801,8.0,115760
tt0056869,7.7,183776
tt0057012,8.4,476596
tt0057076,7.4,130606
tt0057115,8.2,239089
tt0058150,7.7,185635
tt0058331,7.8,167909
tt0058461,7.9,211590
tt0059578,8.3,249450
tt0059742,8.1,222840
tt0059800,6.9,115209
tt0060196,8.8,736393
tt0060827,8.1,114329
tt0061418,7.8,110251
tt0061512,8.1,173340
tt0061722,8.0,267572
tt0061852,7.6,177110
tt0062512,6.8,106655
tt0062622,8.3,645840
tt0063350,7.8,124963
tt0063442,8.0,175912
tt0063522,8.0,208840
tt0064115,8.0,212095
tt0064116,8.5,321034
tt0064276,7.3,107940
tt0064665,7.8,108704
tt0065421,7.1,101221
tt0066206,8.0,100382
tt0066921,8.3,803328
tt0066995,6.6,103857
tt0066999,7.7,152460
tt0067116,7.7,119461
tt0067992,7.8,194704
tt0068473,7.7,105874
tt0068646,9.2,1758485
tt0070034,7.6,102631
tt0070047,8.1,386777
tt0070328,6.7,104942
tt0070379,7.2,106998
tt0070511,8.0,128329
tt0070608,7.5,123747
tt0070666,7.7,119644
tt0070735,8.3,255467
tt0071230,7.7,135278
tt0071315,8.2,316806
tt0071360,7.8,108761
tt0071562,9.0,1218384
tt0071807,6.7,103078
tt0071853,8.2,527770
tt0072271,7.5,154497
tt0072431,8.0,154546
tt0072684,8.1,162551
tt0072890,8.0,250606
tt0073195,8.1,575865
tt0073486,8.7,975502
tt0073629,7.4,146532
tt0074119,7.9,112294
tt0074285,7.4,180848
tt0074486,7.3,112590
tt0074958,8.1,155640
tt0075005,7.5,115555
tt0075148,8.1,554481
tt0075314,8.3,786494
tt0075686,8.0,261445
tt0075860,7.6,196693
tt0076752,7.1,106160
tt0076759,8.6,1309464
tt0077402,7.9,118095
tt0077416,8.1,331292
tt0077631,7.2,260918
tt0077651,7.7,263535
tt0077975,7.4,118825
tt0078346,7.4,170419
tt0078748,8.5,845457
tt0078788,8.5,645259
tt0079116,7.6,130190
tt0079417,7.8,142133
tt0079470,8.1,389768
tt0079501,6.9,202503
tt0079522,7.9,138254
tt0079817,7.3,203811
tt0079944,8.1,130312
tt0080120,7.6,100455
tt0080339,7.7,231120
tt0080455,7.9,194366
tt0080487,7.2,114840
tt0080678,8.2,235155
tt0080684,8.7,1237994
tt0080761,6.4,134264
tt0081398,8.2,343174
tt0081505,8.4,974231
tt0081573,6.8,105259
tt0082010,7.5,102958
tt0082096,8.4,245472
tt0082198,6.9,145604
tt0082340,7.1,137962
tt0082694,7.6,176255
tt0082971,8.4,936584
tt0083658,8.1,742216
tt0083866,7.9,395835
tt0083907,7.4,201241
tt0083929,7.1,102317
tt0083944,7.7,244062
tt0083987,8.1,226130
tt0084516,7.3,157032
tt0084602,6.8,185711
tt0084726,7.7,118776
tt0084787,8.2,405200
tt0084805,7.4,104141
tt0084827,6.8,119070
tt0085334,8.0,145817
tt0085959,7.5,118382
tt0085995,7.3,105986
tt0086034,6.5,103603
tt0086190,8.3,1011924
tt0086250,8.3,802180
tt0086465,7.5,148362
tt0086879,8.4,390620
tt0086960,7.4,178518
tt0087182,6.3,158068
tt0087332,7.8,401188
tt0087363,7.3,217053
tt0087469,7.5,474606
tt0087538,7.3,217681
tt0087544,8.0,164988
tt0087800,7.5,227892
tt0087843,8.4,339406
tt0087884,8.1,102722
tt0087928,6.7,122803
tt0088128,7.0,113029
tt0088247,8.1,834274
tt0088258,7.9,137177
tt0088323,7.4,140524
tt0088763,8.6,1147829
tt0088846,7.9,197636
tt0088847,7.8,382024
tt0088944,6.7,156649
tt0089218,7.7,262755
tt0089530,6.2,133982
tt0089880,6.5,164759
tt0089881,8.2,122274
tt0089927,6.8,199798
tt0090555,6.6,102572
tt0090605,8.4,694100
tt0090728,7.3,135562
tt0090756,7.7,193327
tt0091042,7.8,344984
tt0091064,7.6,174302
tt0091203,7.1,132345
tt0091369,7.3,133013
tt0091605,7.7,106922
tt0091763,8.1,403478
tt0092005,8.1,389515
tt0092067,8.0,161539
tt0092099,6.9,319757
tt0092644,6.5,116922
tt0092890,7.0,222159
tt0092965,7.7,123015
tt0092991,7.7,158536
tt0093058,8.3,717536
tt0093105,7.3,136671
tt0093177,7.0,116286
tt0093389,7.7,100711
tt0093409,7.6,252122
tt0093437,7.2,137255
tt0093748,7.6,137603
tt0093773,7.8,396648
tt0093779,8.0,418374
tt0093822,7.3,135629
tt0093870,7.6,250208
tt0093894,6.7,149834
tt0094012,7.1,185135
tt0094226,7.9,300958
tt0094291,7.3,152355
tt0094625,8.0,179255
tt0094721,7.5,287916
tt0094737,7.3,213859
tt0094898,7.1,203173
tt0095016,8.3,850834
tt0095159,7.5,139730
tt0095327,8.5,262934
tt0095705,7.6,164432
tt0095765,8.5,252171
tt0095953,8.0,499579
tt0095956,5.8,128764
tt0096256,7.2,124856
tt0096283,8.2,323038
tt0096320,6.1,121884
tt0096438,7.7,195234
tt0096446,7.2,109886
tt0096754,7.5,173800
tt0096874,7.9,513762
tt0096895,7.5,362956
tt0096928,6.9,127641
tt0096969,7.2,104147
tt0097165,8.1,465648
tt0097239,7.4,107477
tt0097351,7.5,116417
tt0097428,6.6,201477
tt0097441,7.8,132360
tt0097523,6.4,151377
tt0097576,8.3,732691
tt0097733,7.3,171997
tt0097742,6.7,102268
tt0097757,7.6,253406
tt0097814,7.8,138189
tt0097958,7.6,184233
tt0098084,6.5,101193
tt0098439,6.4,103433
tt0098635,7.7,211355
tt0099077,7.8,136582
tt0099088,7.5,431992
tt0099348,8.1,256367
tt0099423,7.2,355113
tt0099487,7.9,473392
tt0099653,7.1,211103
tt0099674,7.6,383925
tt0099685,8.7,1103765
tt0099700,6.4,101206
tt0099785,7.7,548790
tt0099810,7.6,193363
tt0099871,7.4,105624
tt0099938,6.2,145557
tt0100150,7.7,133113
tt0100157,7.8,201270
tt0100403,6.3,157378
tt0100405,7.1,313135
tt0100507,5.3,134490
tt0100802,7.5,321671
tt0100814,7.2,133726
tt0101272,6.9,149739
tt0101410,7.6,119184
tt0101414,8.1,436520
tt0101507,7.8,136601
tt0101540,7.3,188086
tt0102057,6.8,248449
tt0102059,6.7,105753
tt0102138,8.0,152205
tt0102266,7.0,100260
tt0102510,6.9,111383
tt0102685,7.3,175463
tt0102798,6.9,189683
tt0102926,8.6,1371579
tt0103064,8.6,1059068
tt0103074,7.5,149250
tt0103639,8.1,396425
tt0103644,6.4,292796
tt0103772,7.0,193947
tt0103776,7.1,294116
tt0103855,6.3,130511
tt0103874,7.4,210252
tt0104070,6.6,114682
tt0104257,7.7,253704
tt0104348,7.7,102932
tt0104431,6.8,342454
tt0104691,7.7,164348
tt0104694,7.3,102548
tt0104714,6.7,165316
tt0104952,7.6,119965
tt0105112,6.9,110043
tt0105236,8.3,981812
tt0105323,8.0,286131
tt0105695,8.2,400771
tt0105793,7.0,153611
tt0106308,7.4,172477
tt0106489,7.8,137282
tt0106519,7.9,212954
tt0106582,6.5,127406
tt0106611,7.0,101691
tt0106677,7.6,178123
tt0106697,6.7,170951
tt0106856,7.6,184542
tt0106918,6.8,130740
tt0106977,7.8,286129
tt0107048,8.1,608407
tt0107120,6.9,119566
tt0107206,7.2,101200
tt0107207,8.1,169955
tt0107290,8.2,936129
tt0107362,6.4,148121
tt0107614,7.1,262443
tt0107688,8.0,324540
tt0107818,7.7,236685
tt0107977,6.7,123845
tt0108052,9.0,1303487
tt0108160,6.8,171916
tt0108358,7.8,141968
tt0108399,7.9,221459
tt0108550,7.8,230357
tt0109040,6.9,293674
tt0109445,7.7,218918
tt0109506,7.5,178158
tt0109686,7.3,374253
tt0109707,7.9,173052
tt0109830,8.8,1971690
tt0109831,7.1,149317
tt0110148,7.5,312365
tt0110322,7.5,160760
tt0110357,8.5,1013270
tt0110413,8.6,1115338
tt0110475,6.9,372688
tt0110478,7.0,109436
tt0110622,6.5,102586
tt0110632,7.2,229154
tt0110912,8.9,1963920
tt0111070,6.5,113186
tt0111161,9.3,2554860
tt0111257,7.3,352649
tt0111282,7.0,186515
tt0111495,8.1,100726
tt0111503,7.3,252135
tt0112281,6.4,212820
tt0112384,7.7,287304
tt0112431,6.9,123208
tt0112442,6.8,257343
tt0112461,7.3,108562
tt0112462,5.4,246421
tt0112471,8.1,295416
tt0112508,6.3,140769
tt0112573,8.4,1009456
tt0112641,8.2,501281
tt0112642,6.1,130615
tt0112697,6.9,205923
tt0112740,7.3,110151
tt0112851,7.2,182424
tt0112864,7.6,380401
tt0113101,6.7,103239
tt0113118,7.3,109558
tt0113189,7.2,252536
tt0113247,8.1,166053
tt0113277,8.3,627321
tt0113492,5.5,116321
tt0113497,7.0,333561
tt0113568,7.9,139057
tt0113627,7.5,121374
tt0113749,7.1,121077
tt0113855,5.8,116442
tt0114069,6.6,127414
tt0114148,6.7,181676
tt0114369,8.6,1566854
tt0114388,7.7,112500
tt0114709,8.3,953509
tt0114746,8.0,605171
tt0114814,8.5,1052720
tt0114898,6.2,192302
tt0114924,6.8,100146
tt0115433,5.7,109600
tt0115798,6.1,162168
tt0116209,7.4,187113
tt0116213,6.1,109031
tt0116282,8.1,658701
tt0116367,7.2,305220
tt0116483,7.0,215299
tt0116583,7.0,152592
tt0116629,7.0,559131
tt0116695,7.3,258029
tt0116705,5.7,102725
tt0116922,7.6,139015
tt0116996,6.4,222867
tt0117008,7.0,144509
tt0117060,7.1,411296
tt0117218,5.7,115468
tt0117381,7.7,206435
tt0117438,6.7,125712
tt0117500,7.4,329974
tt0117509,6.8,223040
tt0117571,7.4,327239
tt0117665,7.6,214385
tt0117705,6.5,193144
tt0117731,7.6,123336
tt0117913,7.5,152082
tt0117951,8.2,668993
tt0117998,6.4,191214
tt0118571,6.5,191707
tt0118583,6.2,241899
tt0118615,4.8,102748
tt0118617,7.1,120257
tt0118655,7.0,234541
tt0118688,3.7,246475
tt0118689,6.5,102922
tt0118694,8.1,143155
tt0118715,8.1,784255
tt0118749,7.9,257135
tt0118799,8.6,670416
tt0118842,7.2,136533
tt0118880,6.9,291451
tt0118884,7.5,268666
tt0118929,7.6,196746
tt0118971,7.5,358454
tt0119008,7.7,297752
tt0119081,6.6,172866
tt0119094,7.3,367106
tt0119116,7.7,459648
tt0119164,7.2,104677
tt0119174,7.8,379694
tt0119177,7.8,295529
tt0119217,8.3,927789
tt0119282,7.3,222387
tt0119303,4.5,114674
tt0119345,5.8,142909
tt0119395,6.4,114719
tt0119396,7.5,339032
tt0119488,8.3,566548
tt0119528,6.9,299834
tt0119567,6.5,402968
tt0119643,7.2,232109
tt0119654,7.3,549387
tt0119698,8.4,377399
tt0119738,6.3,139115
tt0119822,7.7,292855
tt0120082,6.3,176699
tt0120102,7.1,140192
tt0120184,6.1,105271
tt0120188,7.1,168642
tt0120201,7.3,286164
tt0120338,7.9,1123792
tt0120347,6.5,191251
tt0120363,7.9,561203
tt0120382,8.2,1022855
tt0120484,6.1,159598
tt0120586,8.5,1088696
tt0120587,6.6,152739
tt0120591,6.7,416055
tt0120601,7.8,328187
tt0120611,7.1,264050
tt0120616,7.1,416164
tt0120623,7.2,284015
tt0120630,7.1,187126
tt0120632,6.7,118864
tt0120647,6.2,175045
tt0120655,7.3,214867
tt0120657,6.6,122584
tt0120660,7.3,239218
tt0120663,7.5,327281
tt0120667,5.7,323710
tt0120669,7.5,273959
tt0120681,6.8,152660
tt0120685,5.4,190824
tt0120689,8.6,1242749
tt0120735,8.2,567075
tt0120737,8.9,1782323
tt0120744,6.5,164693
tt0120746,6.8,180103
tt0120755,6.1,332146
tt0120762,7.6,276833
tt0120768,7.3,139292
tt0120783,6.6,132292
tt0120784,7.1,136983
tt0120789,7.5,127253
tt0120794,7.1,127893
tt0120804,6.7,263590
tt0120812,7.0,258687
tt0120815,8.6,1332348
tt0120855,7.3,218666
tt0120863,7.6,184206
tt0120873,6.5,102561
tt0120888,6.9,146610
tt0120889,7.0,107302
tt0120890,6.6,117828
tt0120891,4.9,159020
tt0120902,7.0,104806
tt0120903,7.4,599408
tt0120912,6.1,364269
tt0120915,6.5,773595
tt0120917,7.4,195973
tt0121164,7.4,262742
tt0121765,6.6,682469
tt0121766,7.6,756243
tt0122151,6.6,160557
tt0122690,7.3,180824
tt0122933,6.7,151611
tt0123755,7.2,225133
tt0125439,7.2,300039
tt0125664,7.4,129262
tt0126029,7.9,653215
tt0128442,7.3,149013
tt0128445,7.6,181500
tt0128853,6.7,208073
tt0129167,8.1,185677
tt0129290,6.8,111600
tt0129387,7.1,305545
tt0130827,7.7,196117
tt0133093,8.7,1841944
tt0133152,5.7,217139
tt0133240,7.2,113271
tt0133751,6.5,120217
tt0134084,5.6,138426
tt0134119,7.4,202949
tt0134273,6.5,130903
tt0134847,7.1,235235
tt0137494,6.3,113913
tt0137523,8.8,2011445
tt0138097,7.1,222025
tt0138704,7.3,176339
tt0139134,6.8,188564
tt0139654,7.7,420127
tt0140352,7.8,168348
tt0142342,6.4,211695
tt0142688,6.7,177421
tt0143145,6.4,197791
tt0144084,7.6,552967
tt0144117,7.7,235931
tt0145487,7.4,784501
tt0145660,6.6,228286
tt0145681,6.7,165611
tt0146316,5.7,206650
tt0146675,5.8,109537
tt0146838,6.9,117750
tt0146882,7.5,176910
tt0147800,7.3,325489
tt0149261,5.9,131473
tt0151804,7.7,258085
tt0158983,7.7,201306
tt0159097,7.2,151700
tt0159273,6.4,104099
tt0159365,7.2,146677
tt0160127,5.6,184753
tt0161081,6.6,123891
tt0162222,7.8,570496
tt0162346,7.3,119261
tt0162661,7.3,350288
tt0163025,5.9,310862
tt0163651,7.1,396716
tt0163978,6.6,234509
tt0164052,5.8,129496
tt0164184,6.4,113569
tt0164912,6.0,132004
tt0166924,7.9,345420
tt0167190,6.9,321233
tt0167260,9.0,1760344
tt0167261,8.8,1590458
tt0167404,8.2,961292
tt0168629,8.0,107902
tt0169102,8.1,111206
tt0169547,8.4,1124725
tt0170016,6.2,238780
tt0172156,6.6,244996
tt0172493,7.3,178834
tt0172495,8.5,1439876
tt0175142,6.2,252541
tt0175880,8.0,305933
tt0177789,7.4,160511
tt0177971,6.4,164726
tt0180093,8.3,813727
tt0181689,7.7,536747
tt0181852,6.3,392062
tt0181865,7.6,204692
tt0181875,7.9,270384
tt0182789,6.9,115579
tt0183505,6.6,233588
tt0183649,7.1,263265
tt0183790,6.9,182794
tt0184894,6.6,125279
tt0185431,5.3,103659
tt0185937,6.5,250673
tt0186151,7.4,106489
tt0187078,6.5,272863
tt0187393,7.2,268215
tt0187738,6.7,212333
tt0190138,6.7,119162
tt0190332,7.9,264292
tt0190590,7.7,303833
tt0195685,7.4,191743
tt0195714,6.7,246352
tt0196229,6.5,258771
tt0198781,8.1,874344
tt0200465,7.2,179442
tt0200550,5.7,112558
tt0203009,7.6,278621
tt0203019,7.2,114696
tt0206634,7.9,489045
tt0207201,6.4,204195
tt0208092,8.3,830135
tt0209144,8.5,1197191
tt0209163,6.4,316618
tt0209958,6.4,101291
tt0210945,7.8,209877
tt0211915,8.3,738331
tt0212338,7.0,327269
tt0212346,6.3,203015
tt0212720,7.2,302522
tt0212985,6.8,268640
tt0213149,6.2,325894
tt0215129,6.5,166729
tt0215750,7.6,256766
tt0216216,5.9,120959
tt0217505,7.5,430533
tt0217869,7.3,407841
tt0218967,6.8,109098
tt0221027,7.5,252918
tt0223897,7.2,117827
tt0227445,6.8,126530
tt0227538,5.6,114925
tt0230011,6.9,114730
tt0230030,6.1,102216
tt0230600,7.6,356904
tt0232500,6.8,375116
tt0234215,7.2,580876
tt0236493,6.1,107398
tt0238380,7.4,323430
tt0240772,7.7,553192
tt0240890,6.9,111369
tt0241303,7.3,188130
tt0241527,7.6,743530
tt0242423,5.5,138635
tt0242653,6.7,501141
tt0243133,7.5,108215
tt0243155,6.8,239226
tt0244244,6.5,184628
tt0245429,8.6,721799
tt0245574,7.7,121068
tt0245712,8.1,235910
tt0245844,7.7,135626
tt0246460,6.1,216133
tt0246578,8.0,778079
tt0247638,6.3,139673
tt0247745,7.0,102894
tt0249462,7.7,132872
tt0250494,6.4,207859
tt0250687,6.4,114051
tt0251075,6.1,127087
tt0251127,6.4,229820
tt0251160,7.1,131289
tt0252866,6.4,250975
tt0253474,8.6,796604
tt0253556,6.2,133526
tt0256380,6.0,132501
tt0256415,6.2,110496
tt0257044,7.7,261799
tt0257076,6.0,145257
tt0257106,5.3,158477
tt0257360,7.2,127632
tt0258000,6.8,274140
tt0258463,7.9,534879
tt0259324,5.2,233659
tt0259446,6.6,128359
tt0259711,6.9,260178
tt0261392,6.8,153180
tt0263488,6.2,122930
tt0264464,8.1,925613
tt0265086,7.7,386060
tt0265208,6.7,219691
tt0265459,6.8,121389
tt0265666,7.6,285161
tt0266308,7.6,179608
tt0266543,8.2,1008040
tt0266697,8.2,1073953
tt0266915,6.6,213338
tt0266987,7.1,154553
tt0267913,5.2,108716
tt0268126,7.7,188871
tt0268380,7.5,469161
tt0268695,6.0,123293
tt0268978,8.2,902354
tt0272152,7.4,181420
tt0272338,7.3,160193
tt0274166,6.2,156894
tt0274558,7.5,129931
tt0275847,7.3,182928
tt0276751,7.1,181689
tt0276919,8.0,145950
tt0277027,7.6,148581
tt0277296,5.5,136374
tt0277371,5.7,103992
tt0277434,7.2,138906
tt0278504,7.2,289199
tt0280590,5.8,142329
tt0281358,7.4,207858
tt0283111,6.4,108444
tt0285823,6.3,159706
tt0286106,6.8,354527
tt0286499,6.7,108972
tt0286716,5.6,263148
tt0287467,7.9,110638
tt0287978,5.3,216435
tt0289043,7.5,401266
tt0289765,7.2,267241
tt0289879,7.7,476844
tt0289992,7.5,118462
tt0290002,6.3,265745
tt0290334,7.4,536852
tt0290673,7.3,130184
tt0292506,6.6,134277
tt0292963,7.3,102402
tt0293429,6.1,162674
tt0293508,7.2,120981
tt0293564,6.2,163510
tt0293662,6.8,297937
tt0295178,6.2,205675
tt0295297,7.4,608107
tt0295700,6.1,117391
tt0295701,5.8,178247
tt0296572,6.6,224092
tt0298130,7.1,339668
tt0298148,7.3,447128
tt0298203,7.2,276311
tt0299658,7.2,226167
tt0299977,7.9,179434
tt0300471,6.2,104806
tt0301357,7.7,144023
tt0302886,7.1,226360
tt0304141,7.9,607216
tt0305224,6.2,212096
tt0305357,4.9,126512
tt0306047,5.5,144959
tt0307453,6.0,178121
tt0307901,7.6,176692
tt0307987,7.1,142495
tt0308644,7.7,204050
tt0309593,6.2,162382
tt0309698,7.3,240780
tt0309987,7.2,118571
tt0310793,8.0,143335
tt0311113,7.4,215947
tt0311429,5.8,174171
tt0312004,7.5,132581
tt0313737,6.1,116158
tt0314331,7.6,472365
tt0314353,6.6,120234
tt0315327,6.8,392187
tt0315733,7.7,233530
tt0316654,7.4,623711
tt0317198,6.0,112652
tt0317219,7.2,400623
tt0317248,8.6,736209
tt0317705,8.1,698629
tt0317740,7.0,359784
tt0317919,6.9,347218
tt0318462,7.8,100200
tt0318627,6.1,195547
tt0319061,8.0,433538
tt0319262,6.4,437855
tt0319343,7.0,259622
tt0320661,7.2,281515
tt0320691,7.0,264840
tt0322259,5.9,267848
tt0322330,6.3,134618
tt0324216,6.2,139629
tt0325703,5.5,136754
tt0325710,7.8,425369
tt0325805,7.3,129368
tt0325980,8.1,1065989
tt0327056,7.9,446006
tt0327084,6.7,170583
tt0327554,3.4,117150
tt0327597,7.7,216604
tt0327850,6.6,106009
tt0328107,7.7,353631
tt0328828,6.3,202978
tt0328880,6.8,106495
tt0329101,5.7,117172
tt0330373,7.7,600644
tt0330793,6.4,157621
tt0332280,7.8,553948
tt0332379,7.2,297733
tt0332452,7.3,518784
tt0333766,7.4,214115
tt0335245,6.2,103550
tt0335266,7.7,441777
tt0335345,7.2,225570
tt0335438,6.1,145166
tt0337563,6.2,183765
tt0337741,6.7,119323
tt0337978,7.1,401308
tt0338013,8.3,971333
tt0338337,6.3,107428
tt0338348,6.6,200024
tt0338526,6.0,259588
tt0338564,8.0,122907
tt0338751,7.5,353100
tt0339291,6.8,205347
tt0340163,6.5,109758
tt0340855,7.3,148105
tt0342258,7.0,101974
tt0343135,6.0,133751
tt0343660,6.8,346031
tt0343737,6.7,102193
tt0343818,7.1,526062
tt0346491,5.6,167974
tt0347149,8.2,373360
tt0348150,6.1,279765
tt0348836,5.8,111616
tt0349683,6.3,165713
tt0349903,6.5,380326
tt0350258,7.7,145316
tt0351283,6.9,390230
tt0352248,8.0,184280
tt0353969,8.1,168967
tt0355295,5.9,119903
tt0356150,6.6,206266
tt0356910,6.5,479587
tt0357413,7.1,347479
tt0358082,6.4,142650
tt0358273,7.8,245794
tt0359013,5.8,173825
tt0359950,7.3,309271
tt0360486,7.0,332115
tt0360717,7.2,413705
tt0361596,7.5,128908
tt0361748,8.3,1378084
tt0361862,7.7,378965
tt0362120,5.1,119462
tt0362227,7.4,442761
tt0362270,7.3,192959
tt0363163,8.2,347954
tt0363547,7.3,250356
tt0363771,6.9,387572
tt0363988,6.5,191722
tt0364569,8.4,556573
tt0364725,6.7,242696
tt0365737,6.9,129313
tt0365748,7.9,542278
tt0365830,6.8,107540
tt0365907,6.5,118535
tt0366548,6.4,181216
tt0366551,7.1,192077
tt0366627,7.1,112210
tt0367594,6.7,461239
tt0367882,6.2,445127
tt0367959,6.1,108861
tt0368008,6.6,109430
tt0368447,6.6,255922
tt0368891,6.9,322579
tt0369339,7.5,387257
tt0369441,6.1,143043
tt0369610,7.0,615184
tt0370263,5.6,193695
tt0371724,6.7,194785
tt0371746,7.9,1016161
tt0372183,7.7,454557
tt0372588,7.2,166963
tt0372784,8.3,1401215
tt0373051,5.8,120386
tt0373074,7.7,135754
tt0373469,7.5,223997
tt0373883,6.0,117989
tt0373889,7.5,557449
tt0373926,6.4,105245
tt0374900,6.9,212493
tt0375063,7.5,188244
tt0375679,7.8,431543
tt0375912,7.3,176934
tt0376136,6.2,101690
tt0376541,7.2,214287
tt0376994,6.7,504958
tt0377092,7.1,366766
tt0378194,8.0,730993
tt0379725,7.4,131131
tt0379786,7.8,292673
tt0380510,6.6,166827
tt0381061,8.0,639512
tt0381681,8.1,254659
tt0381707,5.7,140962
tt0381849,7.7,303976
tt0382625,6.6,422833
tt0382932,8.1,690074
tt0383574,7.4,690459
tt0384537,6.5,224777
tt0384793,6.4,130643
tt0384806,5.9,110915
tt0385002,7.4,148625
tt0385004,7.5,111065
tt0385752,6.1,185742
tt0385880,6.6,113383
tt0386117,6.7,103924
tt0386140,5.9,100365
tt0386588,6.7,310919
tt0387131,7.4,139204
tt0387564,7.6,407086
tt0387808,6.5,157636
tt0388482,6.3,200003
tt0388795,7.7,347086
tt0389722,6.6,173556
tt0389790,6.1,156111
tt0389860,6.4,322809
tt0390384,6.8,104642
tt0390521,7.2,107097
tt0391198,5.9,143244
tt0393109,7.2,104967
tt0393162,7.3,141543
tt0395169,8.1,348998
tt0396171,7.5,245057
tt0396269,7.0,348002
tt0397065,5.4,122071
tt0397101,6.5,111989
tt0397535,7.3,145894
tt0397892,6.9,204052
tt0398165,6.4,174842
tt0398286,7.8,435703
tt0398808,7.2,152407
tt0399146,7.4,233565
tt0399201,6.9,312065
tt0399295,7.6,308431
tt0401383,8.0,106782
tt0401729,6.6,267180
tt0401792,8.0,757281
tt0401855,6.7,197300
tt0402022,5.4,127218
tt0404032,6.7,127031
tt0404203,7.5,110404
tt0405094,8.4,380547
tt0405159,8.1,670452
tt0405296,7.1,110420
tt0405422,7.1,424070
tt0405508,8.1,117733
tt0406375,6.2,101523
tt0407304,6.5,436584
tt0407887,8.5,1273879
tt0408236,7.4,359746
tt0408306,7.5,223390
tt0408790,6.3,159881
tt0409182,5.7,103040
tt0409459,7.7,536217
tt0409847,6.0,217594
tt0410297,6.8,147306
tt0411477,7.0,266504
tt0412019,7.2,101918
tt0413099,5.4,145414
tt0413267,6.1,297925
tt0413300,6.3,565247
tt0414387,7.8,284007
tt0414982,5.8,138700
tt0414993,7.2,236308
tt0415306,6.6,179766
tt0416320,7.6,214958
tt0416449,7.6,790880
tt0417148,5.5,137815
tt0417741,7.6,521562
tt0418279,7.1,623209
tt0418689,7.1,122110
tt0418763,7.0,185350
tt0419706,5.2,112286
tt0420223,7.6,226129
tt0421073,6.8,112145
tt0421239,6.5,118407
tt0421715,7.8,629759
tt0422720,6.5,108730
tt0424095,6.6,122226
tt0424136,7.0,159286
tt0424345,7.3,133603
tt0425061,6.5,214092
tt0425112,7.8,492207
tt0425123,6.7,105002
tt0425210,7.7,309185
tt0426883,6.9,102336
tt0426931,7.5,106583
tt0427152,5.9,105367
tt0427327,6.8,127322
tt0427944,7.6,219135
tt0429493,6.7,255671
tt0430105,6.8,142872
tt0430357,6.0,115420
tt0430922,6.8,228201
tt0431197,7.0,124426
tt0431308,7.0,207308
tt0432021,6.2,192094
tt0432283,7.9,222062
tt0432348,6.6,246730
tt0433035,7.1,318448
tt0433362,6.4,127150
tt0433400,6.2,115711
tt0434409,8.2,1090808
tt0435625,7.2,217002
tt0435651,6.4,117348
tt0435705,6.2,155976
tt0435761,8.3,805876
tt0436697,7.3,109013
tt0437086,7.3,255932
tt0438097,6.8,271481
tt0438488,6.5,355863
tt0440963,8.0,624717
tt0441773,7.6,450834
tt0442933,6.3,166680
tt0443272,7.3,256541
tt0443274,6.6,149027
tt0443453,7.4,397801
tt0443543,7.6,367088
tt0443649,5.1,129618
tt0443680,7.5,177546
tt0443706,7.7,516500
tt0445922,7.3,109363
tt0445934,6.3,166390
tt0446029,7.6,411983
tt0448011,6.2,230440
tt0448115,7.0,311655
tt0448134,7.2,245415
tt0448157,6.4,469356
tt0448694,6.6,154315
tt0449010,5.1,125461
tt0449059,7.8,464827
tt0449088,7.1,627657
tt0449467,7.5,299110
tt0450232,6.6,129845
tt0450259,8.0,532530
tt0450278,5.9,177141
tt0450385,6.8,266529
tt0451079,6.8,137249
tt0451279,7.4,629584
tt0452594,5.8,130920
tt0452608,6.4,206036
tt0452623,7.6,267472
tt0452694,7.1,147890
tt0453451,6.4,122966
tt0453467,7.1,305904
tt0454841,6.4,167564
tt0454848,7.6,363216
tt0454876,7.9,612567
tt0454921,8.0,489904
tt0454945,6.4,155428
tt0455407,6.5,118794
tt0455590,7.7,183554
tt0455824,6.6,123228
tt0455944,7.2,359807
tt0457430,8.2,651549
tt0457939,6.9,278847
tt0458339,6.9,810264
tt0458352,6.9,402318
tt0458481,6.5,159410
tt0458525,6.6,491766
tt0460791,7.8,111016
tt0461770,7.1,193423
tt0462322,7.5,182980
tt0462499,7.0,227512
tt0462504,7.3,105033
tt0462538,7.3,323036
tt0462590,6.5,116573
tt0463854,6.9,270714
tt0463985,6.0,263206
tt0464141,7.4,153418
tt0465234,6.5,231140
tt0465494,6.3,167599
tt0465538,7.2,162794
tt0465580,6.1,109734
tt0465602,6.7,149035
tt0467197,5.3,125285
tt0467200,6.7,110897
tt0467406,7.5,510997
tt0468492,7.1,117799
tt0468569,9.1,2510230
tt0469494,8.2,563073
tt0470752,7.7,519516
tt0471042,6.2,140827
tt0472033,7.0,138209
tt0472043,7.8,305651
tt0472062,7.0,116574
tt0472399,6.5,158475
tt0473075,6.6,284513
tt0473705,7.1,150288
tt0475276,7.6,105038
tt0475290,6.3,131522
tt0475394,6.6,143537
tt0477080,6.8,194148
tt0477302,6.9,100945
tt0477347,6.4,336584
tt0477348,8.2,930897
tt0478087,6.8,243702
tt0478304,6.8,174603
tt0478311,7.0,363899
tt0478970,7.3,633207
tt0479143,7.2,212846
tt0479884,6.9,245377
tt0479952,6.7,220257
tt0480025,7.7,120629
tt0480242,6.8,101748
tt0480249,7.2,731587
tt0480687,5.9,124528
tt0481369,6.4,199929
tt0481499,7.2,208447
tt0481536,6.6,135668
tt0482571,8.5,1281248
tt0482606,6.1,127759
tt0485947,7.8,228597
tt0486576,5.6,260793
tt0486655,7.6,267776
tt0486822,6.8,232147
tt0486946,5.9,117523
tt0488120,7.2,200971
tt0489099,6.1,300852
tt0489270,6.2,189528
tt0490215,7.1,109557
tt0493464,6.7,380447
tt0496806,6.9,338606
tt0497465,7.1,251951
tt0498380,7.9,160407
tt0499448,6.5,205960
tt0499549,7.9,1182629
tt0756683,7.9,183804
tt0758730,4.6,121809
tt0758746,5.5,105122
tt0758752,6.7,197650
tt0758758,8.1,607769
tt0758766,6.5,102001
tt0758774,7.0,225211
tt0762107,5.9,145949
tt0765010,7.1,121768
tt0765429,7.8,416053
tt0765443,7.6,238560
tt0770828,7.1,745705
tt0780504,7.8,611463
tt0780521,7.1,137751
tt0780536,7.9,410962
tt0780571,7.3,149037
tt0780653,5.8,105862
tt0783233,7.8,269989
tt0790636,8.0,473416
tt0790686,6.1,106348
tt0790724,7.0,330806
tt0790736,5.6,129381
tt0795368,7.3,114440
tt0795421,6.5,235085
tt0796366,8.0,595938
tt0799949,2.4,104804
tt0800039,7.1,278510
tt0800080,6.7,471558
tt0800320,5.8,279114
tt0800369,7.0,809204
tt0803096,6.8,257789
tt0804497,7.1,141680
tt0805564,7.3,143434
tt0808151,6.7,287435
tt0810819,7.1,179312
tt0814255,5.9,185538
tt0814314,7.6,298298
tt0815236,6.4,135358
tt0816442,7.5,133229
tt0816692,8.7,1700019
tt0816711,7.0,642301
tt0817230,5.7,118776
tt0822832,7.1,155204
tt0822847,5.7,118906
tt0822854,7.2,326558
tt0824747,7.8,251090
tt0825232,7.4,241534
tt0829150,6.2,190644
tt0829482,7.6,557483
tt0830515,6.6,438521
tt0831387,6.4,404935
tt0832266,7.2,163448
tt0834001,6.5,157851
tt0837562,7.1,246647
tt0838221,7.2,194592
tt0838283,6.9,286574
tt0840361,7.5,378811
tt0842926,7.1,129449
tt0844471,7.0,223458
tt0848228,8.1,1342363
tt0848537,6.6,103980
tt0859163,5.2,157948
tt0861739,8.0,102300
tt0865556,6.6,104823
tt0870111,7.7,106954
tt0870154,6.6,170947
tt0870984,6.5,123965
tt0876563,7.6,137854
tt0878804,7.6,319256
tt0884328,7.2,297536
tt0887883,7.0,326132
tt0887912,7.6,441961
tt0889573,6.1,103477
tt0889583,5.9,147923
tt0890870,5.9,148075
tt0892769,8.1,712273
tt0892782,6.5,157663
tt0892791,6.3,198032
tt0898367,7.2,234384
tt0901476,5.4,105954
tt0903624,7.8,798507
tt0905372,6.2,129509
tt0907657,7.8,115198
tt0910936,6.9,331908
tt0910970,8.4,1072614
tt0914798,7.8,210035
tt0918927,7.5,127582
tt0918940,6.2,173080
tt0926084,7.7,524746
tt0929632,7.3,109501
tt0936501,7.8,590133
tt0938283,4.0,160844
tt0942385,7.0,402367
tt0944835,6.5,309057
tt0945513,7.5,508553
tt0947798,8.0,740222
tt0947810,6.8,135938
tt0948470,7.0,630170
tt0949731,5.0,204202
tt0955308,6.6,264606
tt0959337,7.3,209151
tt0960144,5.6,198666
tt0963966,6.1,159726
tt0964517,7.8,357602
tt0970179,7.5,317884
tt0970416,5.5,168899
tt0970866,5.5,111247
tt0974015,6.1,436203
tt0974661,6.4,194630
tt0976051,7.6,240119
tt0978762,8.1,173841
tt0978764,6.1,239999
tt0980970,6.3,150844
tt0983193,7.3,227102
tt0985694,6.6,195800
tt0985699,7.1,238911
tt0986263,6.3,173689
tt0986264,8.4,186333
tt0988045,7.6,615586
tt0988595,6.1,161719
tt0989757,6.3,146334
tt0990407,5.8,159382
tt0993840,5.7,163462
tt0993842,6.8,196849
tt0993846,8.2,1321444
tt1000774,5.7,121057
tt1001508,6.4,169628
tt1001526,7.3,249472
tt1007028,6.6,176470
tt1007029,6.4,107873
tt1010048,8.0,829396
tt1013743,6.3,190922
tt1013752,6.6,280334
tt1013753,7.6,170844
tt1014759,6.4,403919
tt10189514,9.3,107949
tt1019452,7.0,140442
tt1022603,7.7,498833
tt1023111,6.6,100092
tt1023114,7.3,115005
tt1024648,7.7,601267
tt1025100,5.7,109217
tt10272386,8.3,127461
tt1027718,6.2,101826
tt1028528,7.0,284385
tt1028532,8.1,274739
tt10288566,7.7,136550
tt10293406,6.9,125170
tt10295212,8.9,113741
tt1032755,7.3,247395
tt1033575,7.3,239553
tt1033643,6.1,173697
tt1034032,5.7,133778
tt1034303,7.2,145615
tt1037705,6.8,310555
tt1038686,5.2,103809
tt1038919,5.5,126101
tt1038988,7.4,175422
tt1041829,6.7,317704
tt1045658,7.7,694299
tt1046173,5.7,206779
tt1049413,8.3,1003689
tt1051906,7.1,211132
tt1053424,6.3,105285
tt1054606,6.8,148146
tt1055292,6.5,129893
tt1055369,6.0,400561
tt1057500,7.3,157137
tt1058017,6.4,138186
tt1059786,6.6,184678
tt1060277,7.0,389993
tt1063669,7.6,107483
tt1065073,7.9,349031
tt1067106,6.8,112458
tt1067583,6.9,115121
tt1068680,6.8,353605
tt1070874,7.8,168358
tt1071875,4.3,117104
tt1073498,2.8,107158
tt1074638,7.8,680545
tt1077258,7.1,207688
tt1077368,6.2,261054
tt1078912,6.0,190640
tt1078940,5.5,106965
tt1080016,6.9,238710
tt10838180,5.7,203189
tt1086772,6.5,128861
tt10872600,8.7,489408
tt10888594,1.9,175210
tt1091191,7.5,280824
tt1091722,6.8,158501
tt1092026,7.0,247774
tt1099212,5.3,450951
tt1100089,7.0,140722
tt1104001,6.8,328730
tt11083552,7.1,152681
tt1109624,7.3,109976
tt1111422,6.4,194448
tt1114740,5.2,108582
tt1119646,7.7,761034
tt1120985,7.4,193750
tt1121931,6.2,147637
tt1124035,7.1,220898
tt1125849,7.9,300715
tt1127180,6.6,197901
tt11286314,7.2,453499
tt1129442,6.1,164819
tt1130884,8.2,1241815
tt1131729,7.4,110412
tt1131734,5.4,130055
tt1132620,7.8,214888
tt1132626,5.8,122468
tt1133985,5.5,279975
tt1135503,7.0,116476
tt1136608,7.9,666305
tt1139328,7.2,161768
tt1139797,7.9,213596
tt1142977,6.9,104873
tt1142988,6.4,214858
tt1144884,5.1,103371
tt1148204,7.0,210029
tt1152836,7.0,295126
tt1155056,7.0,202676
tt1155076,6.2,176698
tt1156398,7.6,555602
tt1160419,8.1,503759
tt1170358,7.8,638081
tt1172570,7.1,128242
tt1174732,7.3,132661
tt1179034,6.4,116216
tt1179904,6.3,233491
tt1179933,7.2,313537
tt1182345,7.8,351535
tt1187043,8.5,380123
tt1187064,6.9,111945
tt1188729,6.7,149239
tt1188996,8.0,104405
tt1189073,7.6,148928
tt1189340,7.3,229995
tt1190080,5.8,370076
tt1192628,7.2,255157
tt1193138,7.4,330378
tt1194173,6.6,297460
tt1197624,7.4,289930
tt1201167,6.3,118157
tt1201607,8.2,835208
tt1204975,6.6,131731
tt1205489,8.1,756625
tt1205537,6.2,129696
tt1206543,6.8,113809
tt1210166,7.6,406153
tt1210819,6.4,230273
tt1211837,7.5,682423
tt1211956,6.7,238658
tt1212450,7.2,238561
tt1213641,7.3,182976
tt1213663,7.0,274841
tt1216475,6.2,178838
tt1216492,6.4,102279
tt1217209,7.1,398205
tt1217613,5.7,178623
tt1219289,7.4,556908
tt1219827,6.3,210358
tt1220634,5.8,169030
tt1220719,8.0,220273
tt1226229,6.4,176176
tt1228705,7.0,784297
tt1228987,7.1,119216
tt1229238,7.4,477988
tt1229340,6.3,177882
tt1231583,6.5,337627
tt1231587,6.4,171267
tt1232829,7.2,542101
tt1233227,6.0,109500
tt1234548,6.2,131172
tt1234721,6.2,224271
tt12361974,8.1,363180
tt1240982,5.5,100391
tt1242460,7.5,149601
tt1243957,6.0,237048
tt1245492,6.6,402736
tt1245526,7.0,303365
tt1250777,7.6,549285
tt1253863,6.2,294971
tt1253864,6.0,166469
tt1255953,8.3,169877
tt1258197,6.8,112581
tt1259521,7.0,403106
tt1259528,7.0,106208
tt1259571,4.7,278762
tt1262416,6.2,144160
tt1267297,6.0,153607
tt1270797,6.7,456835
tt1270798,7.7,675161
tt1272878,6.7,207925
tt1276104,7.4,562685
tt1277953,6.8,175741
tt1279935,6.3,160151
tt12801262,7.5,140800
tt1282140,7.0,381105
tt1284575,5.7,200856
tt1285016,7.8,676419
tt1288558,6.5,166534
tt1289401,6.9,224793
tt1291150,5.8,208044
tt1291584,8.2,459765
tt1298649,5.7,125850
tt1298650,6.6,508809
tt1300854,7.2,816826
tt1302006,7.8,366625
tt1302011,7.2,273635
tt1305806,8.2,204970
tt1306980,7.6,325987
tt1307068,6.7,112725
tt13143964,6.6,135164
tt1314655,6.3,142646
tt1315981,7.5,110912
tt1318514,7.6,516451
tt1320253,6.4,339584
tt1321870,6.7,212950
tt1323594,7.6,528980
tt1324999,4.9,235560
tt1325004,5.0,240605
tt1327194,6.5,106789
tt1327773,7.2,113477
tt1333125,4.3,104280
tt1334260,7.1,143587
tt1335975,6.2,157211
tt1340138,6.3,272157
tt1340800,7.0,198222
tt1343092,7.2,521304
tt1343727,7.1,267971
tt1345836,8.4,1626215
tt1351685,6.3,136694
tt1355630,6.7,121343
tt1355644,7.0,386388
tt1355683,6.9,176719
tt1365519,6.3,208483
tt1371111,7.4,357969
tt1375666,8.8,2243672
tt1375670,5.9,244466
tt1385826,7.0,253907
tt1386588,6.6,260209
tt1386697,5.9,666767
tt1386703,6.2,250781
tt1386932,7.5,103275
tt1389072,5.7,107156
tt1389137,7.1,141564
tt1390411,6.9,134683
tt1392170,7.2,891991
tt1392190,8.1,957664
tt1392214,8.1,667895
tt1396484,7.3,510136
tt1397280,6.2,302015
tt1397514,5.7,101937
tt1398426,7.8,195107
tt1399103,6.2,400305
tt1399683,7.1,141486
tt1401152,6.8,258582
tt1403865,7.6,331526
tt1403981,7.1,144409
tt1408101,7.7,477541
tt1408253,6.1,111453
tt1409024,6.8,353329
tt1411238,6.2,225617
tt1411250,6.4,162887
tt1411697,6.5,487424
tt1424381,6.4,221693
tt1428538,6.1,203467
tt1430132,6.7,453313
tt1431045,8.0,983469
tt1433108,6.4,106060
tt1436562,6.9,221003
tt1438176,6.4,104342
tt1440129,5.8,244519
tt1441395,6.3,139007
tt1446192,7.3,169762
tt1446714,7.0,594731
tt1448755,6.4,128451
tt1450321,7.0,107201
tt1453405,7.3,346788
tt1454029,8.1,445922
tt1454468,7.7,806903
tt1457767,7.5,486915
tt1458175,7.3,194604
tt1462758,7.0,158089
tt1464540,6.1,235323
tt1465522,7.5,175008
tt1469304,5.5,180021
tt1477834,6.9,434596
tt1478338,6.8,285827
tt1478964,6.7,105435
tt1482459,6.4,108520
tt1483013,7.0,510394
tt1485796,7.6,268113
tt1486185,5.4,111187
tt1488555,6.3,178960
tt1488606,6.4,122373
tt1489887,7.1,112023
tt1489889,6.3,181048
tt1490017,7.7,342638
tt1496025,6.3,152266
tt1499658,6.9,439860
tt1502397,6.5,153062
tt1502407,6.5,143890
tt1502712,4.3,162174
tt1504320,8.0,667206
tt15097216,9.5,176928
tt1509767,5.7,106994
tt1515091,7.4,442795
tt1517260,5.8,113960
tt1517451,7.6,369167
tt1524137,6.4,121264
tt1524930,6.1,108598
tt1527186,7.1,178415
tt1528100,6.0,166240
tt1528854,6.1,117269
tt1535108,6.6,438667
tt1535109,7.8,447215
tt1536044,5.7,102803
tt1536537,6.9,118763
tt1538403,5.9,131672
tt1542344,7.6,368528
tt1547234,6.5,113097
tt1549920,6.3,137764
tt1560220,6.7,169294
tt1560747,7.1,168927
tt1563738,7.0,149289
tt1564367,6.4,237256
tt1567609,6.9,107022
tt1568338,6.6,150312
tt1568346,7.8,452020
tt1568911,7.2,154684
tt1570728,7.4,504467
tt1571222,6.4,102224
tt1571234,6.1,121836
tt1583421,5.8,179909
tt1587310,7.0,365974
tt1588170,7.8,124528
tt1588173,6.9,228291
tt1590193,6.3,112793
tt1591095,6.8,298619
tt1596343,7.3,372982
tt1596350,6.3,183756
tt1596363,7.8,410404
tt1596365,6.4,180779
tt1598778,6.8,298377
tt1599348,6.7,219288
tt1600196,7.0,150000
tt1601913,6.8,249570
tt1602613,5.7,111364
tt1605630,6.7,211236
tt1605783,7.7,412763
tt1606378,5.2,205052
tt1606389,6.8,191528
tt1611224,5.9,154448
tt1614989,7.5,100852
tt1615065,6.5,128834
tt1615147,7.1,125062
tt1615160,7.0,111466
tt1616195,6.5,127273
tt1617661,5.3,186524
tt1618434,6.0,119975
tt1618442,5.9,102211
tt1622979,5.9,113668
tt1623205,6.3,205331
tt1623288,7.0,100370
tt1628841,5.2,175962
tt1631867,7.9,649751
tt1632708,6.6,359071
tt1634122,6.3,127999
tt1636826,6.7,202996
tt1637688,6.7,398341
tt1637725,6.9,597654
tt1638002,7.2,135246
tt1638355,7.2,298652
tt1645170,6.4,296527
tt1646971,7.8,324518
tt1646987,5.7,187270
tt1648190,5.6,136237
tt1649419,7.6,217799
tt1650062,7.0,349513
tt1650554,6.5,266815
tt1655441,7.2,169755
tt1655442,7.9,238615
tt1656190,6.5,109083
tt1659337,8.0,493780
tt1661199,6.9,173047
tt1663202,8.0,769523
tt1663662,6.9,488902
tt1667889,6.5,204048
tt1670345,7.2,636743
tt1673434,5.6,243658
tt1675434,8.5,822584
tt1677720,7.4,415542
tt1682180,6.8,107498
tt1690953,7.3,388799
tt1692486,7.1,125353
tt1700841,6.2,188937
tt1702439,6.7,109433
tt1706593,7.0,247722
tt1706620,7.1,350298
tt1707386,7.6,323473
tt1714206,7.1,150616
tt1723121,7.0,434617
tt1723811,7.2,192390
tt1727388,7.4,146967
tt1727824,8.0,509341
tt1731141,6.6,235667
tt1735898,6.1,284701
tt1748122,7.8,341176
tt1758830,6.2,136708
tt1764234,6.2,141073
tt1764651,6.6,302816
tt1772341,7.7,407406
tt1790809,6.6,291502
tt1790864,6.8,449415
tt1790885,7.4,291473
tt1790886,6.1,130107
tt1791528,6.6,102175
tt1798684,7.4,231244
tt1798709,8.0,584875
tt1800241,7.3,469939
tt1800246,6.1,101823
tt1809398,7.2,162739
tt1815862,4.8,198699
tt1817273,7.3,261400
tt1821549,7.7,116725
tt1821694,6.6,168309
tt1823672,6.8,245107
tt1825683,7.3,710195
tt1832382,8.3,239392
tt1840309,6.7,448353
tt1843866,7.8,806502
tt1853728,8.5,1476742
tt1854564,5.8,116116
tt1855199,7.6,241953
tt1855325,5.3,139799
tt1856101,8.0,530418
tt1860213,5.9,121122
tt1860357,7.1,164490
tt1862079,6.9,124855
tt1872181,6.6,475848
tt1872194,7.4,188199
tt1877830,8.6,146544
tt1877832,8.0,692706
tt1878870,7.3,120095
tt1895587,8.1,455012
tt1899353,7.6,200503
tt1904996,6.2,121125
tt1905041,7.1,387228
tt1907668,7.3,345200
tt1911644,6.7,119064
tt1915581,6.1,136567
tt1921064,5.5,110189
tt1922777,6.8,241077
tt1924396,7.8,116121
tt1924429,6.9,113115
tt1924435,6.4,132412
tt1931533,7.2,252530
tt1935179,7.4,176992
tt1935859,6.7,167307
tt1937390,6.9,121976
tt1939659,5.9,138477
tt1950186,8.1,357931
tt1951261,5.8,308223
tt1951264,7.5,646663
tt1951265,6.6,441470
tt1951266,6.5,313470
tt1956620,5.1,111476
tt1959490,5.8,251915
tt1959563,6.9,221939
tt1964418,6.4,179950
tt1972591,6.7,210542
tt1979320,8.1,464277
tt1979376,7.7,234226
tt1979388,6.7,111380
tt1980209,6.4,212764
tt1980929,7.4,152970
tt1981115,6.8,650733
tt1981128,5.3,104549
tt1981677,7.2,297288
tt2004420,6.3,303854
tt2005151,7.1,204469
tt2015381,8.1,1127868
tt2023587,6.2,177578
tt2024432,5.7,131512
tt2024469,6.9,260667
tt2024544,8.1,680124
tt2034800,5.9,131749
tt2042568,7.4,150219
tt2053463,7.1,186639
tt2066051,7.3,166975
tt2080374,7.2,165988
tt2084970,8.0,740317
tt2094766,5.7,195724
tt2096672,5.6,135212
tt2096673,8.2,678492
tt2101441,5.3,140615
tt2103281,7.6,430524
tt2106476,8.3,315577
tt2109248,5.6,308884
tt2119532,8.1,493074
tt2120120,5.6,140292
tt2126355,6.1,230387
tt2139881,6.8,107251
tt2140373,7.5,159316
tt2140479,7.3,286166
tt2170439,6.3,168456
tt2170593,7.3,101279
tt2177771,6.1,130240
tt2179136,7.3,470058
tt2180411,5.9,138895
tt2184339,5.7,217807
tt2191701,5.3,150061
tt2193215,5.4,100004
tt2194499,7.8,333306
tt2199571,6.6,107805
tt2203939,6.0,137820
tt2209418,7.9,152692
tt2209764,6.2,225168
tt2222042,7.0,117953
tt2226417,6.6,166315
tt2229499,6.6,236979
tt2231461,6.1,160573
tt2234155,6.3,200858
tt2239822,6.5,176406
tt2245084,7.8,443033
tt2250912,7.4,614964
tt2265171,7.9,120872
tt2267968,7.1,150366
tt2267998,8.1,940291
tt2277860,7.3,264031
tt2278388,8.1,772468
tt2278871,7.7,148180
tt2283336,5.6,128307
tt2283362,6.9,359901
tt2293640,6.4,227321
tt2294449,7.0,366632
tt2294629,7.5,606517
tt2302755,6.5,270645
tt2304933,5.2,106704
tt2305051,7.1,127163
tt2310332,7.4,509367
tt2312718,6.5,117932
tt2316204,6.4,272206
tt2316411,6.9,186174
tt2321549,6.8,214587
tt2322441,4.2,312206
tt2333784,6.1,178784
tt2334873,7.3,199881
tt2334879,6.3,217252
tt2338151,8.2,176719
tt2345759,5.4,182692
tt2361509,7.1,243638
tt2369135,6.4,168558
tt2379713,6.8,428033
tt2380307,8.4,465929
tt2381111,7.5,139112
tt2381249,7.4,361933
tt2381941,6.6,238888
tt2381991,6.1,107072
tt2382320,7.3,323105
tt2386490,7.4,120877
tt2388715,6.5,125237
tt2395427,7.3,821930
tt2397535,7.5,273959
tt2400463,6.6,104338
tt2402927,7.2,125741
tt2404233,5.4,113962
tt2404311,6.3,115345
tt2404435,6.9,206073
tt2404463,6.6,169249
tt2406566,6.7,188505
tt2446042,6.0,188887
tt2446980,6.6,134710
tt2488496,7.9,902640
tt2503944,6.6,114073
tt2510894,6.7,122154
tt2527336,6.9,605688
tt2527338,6.5,422768
tt2543164,7.9,662257
tt2543472,7.9,158459
tt2548396,5.5,102519
tt2554274,6.5,143602
tt2557478,5.6,114223
tt2557490,6.1,186350
tt2561572,6.0,132576
tt2562232,7.7,613500
tt2567026,6.2,103750
tt2582496,7.7,129313
tt2582782,7.6,222666
tt2582802,8.5,795761
tt2582846,7.7,366026
tt2584384,7.9,360768
tt2631186,8.1,112272
tt2637276,6.3,201260
tt2660888,7.0,241200
tt2671706,7.2,105593
tt2674426,7.4,239110
tt2692250,6.2,117845
tt2692904,7.1,146345
tt2704998,6.9,226407
tt2709768,6.5,196470
tt2713180,7.6,466473
tt2719848,7.1,213288
tt2737304,6.6,320383
tt2763304,7.2,121508
tt2771200,7.1,297927
tt2788710,6.5,323273
tt2798920,6.8,308832
tt2802144,7.7,643823
tt2820852,7.2,381307
tt2848292,6.4,152799
tt2854926,6.5,128873
tt2866360,7.2,122257
tt2872718,7.9,515130
tt2872732,6.4,479412
tt2873282,6.6,181065
tt2883512,7.3,210649
tt2884206,7.3,123002
tt2908446,6.2,231607
tt2911666,7.4,599298
tt2935510,6.5,224246
tt2948356,8.0,475414
tt2948372,8.1,301612
tt2953050,7.3,158720
tt2975578,6.4,148974
tt2975590,6.5,679199
tt2980516,7.7,436331
tt3011894,8.1,191769
tt3040964,7.4,271891
tt3062096,6.2,171545
tt3065204,7.3,257917
tt3076658,7.6,265014
tt3079380,7.0,240958
tt3104988,6.9,163977
tt3110958,6.4,275931
tt3152624,6.2,135367
tt3170832,8.1,404609
tt3183660,7.3,444952
tt3195644,6.1,101926
tt3228774,7.4,213352
tt3235888,6.8,230257
tt3263904,7.4,261785
tt3281548,7.8,185781
tt3289956,6.8,111602
tt3300542,5.9,154632
tt3315342,8.1,717311
tt3316960,7.5,132623
tt3322940,5.4,154094
tt3371366,5.2,146757
tt3385516,6.9,419998
tt3393786,6.1,152553
tt3397884,7.7,411372
tt3402236,6.5,236945
tt3410834,5.7,118362
tt3416742,7.7,175439
tt3450958,7.4,246755
tt3460252,7.8,571644
tt3464902,7.1,244617
tt3469046,6.3,127496
tt3470600,7.1,158973
tt3480822,6.7,339509
tt3488710,7.3,126626
tt3498820,7.8,742395
tt3501632,7.9,684192
tt3521126,7.3,149289
tt3521164,7.6,314581
tt3531824,6.5,126013
tt3532216,7.1,173053
tt3553976,7.8,211760
tt3567288,6.2,126499
tt3569230,6.9,173165
tt3606756,7.6,280706
tt3622592,6.3,101139
tt3631112,6.5,183245
tt3640424,7.1,152509
tt3659388,8.0,819889
tt3682448,7.6,304657
tt3717490,5.9,106361
tt3731562,6.7,307398
tt3741700,6.0,173648
tt3741834,8.0,230328
tt3748172,6.5,103440
tt3748528,7.8,598723
tt3766354,6.7,152257
tt3774114,7.3,148954
tt3778644,6.9,326377
tt3783958,8.0,558480
tt3794354,6.5,115511
tt3799694,7.4,309994
tt3829266,5.3,125624
tt3846674,7.1,101579
tt3874544,6.3,121644
tt3890160,7.6,503153
tt3896198,7.6,639928
tt3967856,7.3,116635
tt4016934,8.1,135607
tt4034228,7.8,270361
tt4034354,6.9,114034
tt4046784,6.3,241265
tt4052882,6.3,129366
tt4062536,7.0,118008
tt4116284,7.3,142641
tt4123430,6.5,252847
tt4154664,6.8,523109
tt4154756,8.5,988558
tt4154796,8.4,1021849
tt4160708,7.1,262031
tt4172430,7.3,135820
tt4178092,7.1,151055
tt4196776,6.6,221990
tt4209788,7.4,162780
tt4244994,7.4,125345
tt4263482,6.9,235341
tt4276820,7.2,143324
tt4302938,7.8,126117
tt4425200,7.5,409925
tt4438848,5.7,120543
tt4481414,7.6,111902
tt4500922,6.2,131432
tt4501244,6.2,109671
tt4513678,7.2,126963
tt4520988,6.8,161784
tt4550098,7.5,265822
tt4555426,7.4,193765
tt4566758,5.7,142296
tt4630562,6.6,224795
tt4633694,8.4,475173
tt4649466,6.7,311594
tt4651520,6.2,122154
tt4698684,7.8,125370
tt4701182,6.7,157186
tt4729430,8.2,139204
tt4776998,6.0,175275
tt4779682,5.6,165456
tt4786282,6.3,125223
tt4846232,7.3,112371
tt4846340,7.8,219745
tt4857264,8.1,168159
tt4881806,6.2,293669
tt4912910,7.7,317707
tt4925292,7.4,274371
tt4972582,7.3,470056
tt4975722,7.4,297167
tt5013056,7.8,621641
tt5022702,6.6,124179
tt5027774,8.1,484091
tt5034838,6.3,193287
tt5052448,7.7,552602
tt5052474,7.1,141483
tt5074352,8.4,179121
tt5083738,7.5,192343
tt5095030,7.0,370771
tt5104604,7.8,160878
tt5109280,7.3,136720
tt5109784,6.6,214481
tt5140878,6.5,128204
tt5164214,6.3,209541
tt5164432,7.6,109906
tt5308322,6.6,133893
tt5311514,8.4,243566
tt5362988,7.7,239460
tt5363618,7.7,116231
tt5433138,5.2,115567
tt5439796,7.0,145323
tt5442430,6.6,222460
tt5462602,7.5,131707
tt5463162,7.7,544156
tt5519340,6.3,183334
tt5580036,7.5,206239
tt5580390,7.3,405206
tt5606664,7.3,179111
tt5649144,7.6,108918
tt5700672,7.6,205044
tt5715874,7.0,144268
tt5726616,7.9,252458
tt5727208,7.4,260588
tt5742374,6.8,115676
tt5758778,5.8,118575
tt5776858,7.5,126861
tt5813916,9.0,107653
tt5814060,5.3,134853
tt5848272,7.0,151915
tt5884052,6.6,155101
tt5886046,6.4,114345
tt6105098,6.9,234668
tt6139732,6.9,254321
tt6146586,7.4,321622
tt6155172,7.7,153145
tt6264654,7.2,299213
tt6266538,7.2,139918
tt6294822,7.2,147216
tt6320628,7.4,447851
tt6334354,7.2,310547
tt6343314,7.1,119265
tt6394270,6.8,109639
tt6412452,7.3,139883
tt6450804,6.2,169771
tt6499752,7.5,178211
tt6565702,5.7,177671
tt6628394,7.1,143345
tt6644200,7.5,500584
tt6723592,7.4,455925
tt6751668,8.5,723617
tt6806448,6.5,202929
tt6823368,6.6,232016
tt6857112,6.8,270370
tt6966692,8.2,454031
tt7040874,6.8,143577
tt7069210,6.3,103147
tt7097896,6.0,179891
tt7126948,5.4,249547
tt7131622,7.6,674258
tt7146812,7.4,137189
tt7286456,8.4,1155184
tt7349662,7.5,252644
tt7349950,6.5,244306
tt7395114,7.1,123263
tt7401588,7.3,102385
tt7556122,6.6,154526
tt7653254,7.9,289446
tt7668870,7.6,157602
tt7713068,6.0,223844
tt7737786,6.4,108292
tt7784604,7.3,285785
tt7798634,6.8,137839
tt7846844,6.6,158445
tt7888964,7.4,210257
tt7959026,7.0,131417
tt7975244,6.7,233321
tt7984734,7.4,191145
tt7984766,7.3,118206
tt7991608,6.4,240744
tt8079248,6.8,146493
tt8106534,6.1,164131
tt8110330,8.1,126992
tt8228288,7.0,203504
tt8244784,6.5,100898
tt8332922,7.2,199490
tt8367814,7.8,306175
tt8404614,7.6,119799
tt8579674,8.3,536305
tt8772262,7.1,278314
tt8936646,6.7,189042
tt8946378,7.9,576890
tt9032400,6.4,268459
tt9243946,7.3,217863
tt9376612,7.5,331045
tt9421570,6.3,107998
tt9484998,7.4,145460
tt9495224,7.1,123124
tt9620292,7.5,154123
tt9770150,7.3,146702
tt9777666,6.6,190889
tt9893250,6.3,125408
